Order_ID,Order_Date,Customer_ID,Age,Gender,Product,Category,Quantity,Unit_Price,Sales
ORD100203,2024-01-01,CUST1049,56.0,Male,Headphones,Electronics,1,779.94,779.94
ORD100461,2024-01-01,CUST1079,39.0,Male,Headphones,Electronics,5,1130.92,5654.6
ORD100146,2024-01-01,CUST1227,59.0,Male,Tablet,Electronics,3,1018.95,3056.85
ORD100404,2024-01-02,CUST1066,55.0,Female,Perfume,Beauty,3,22.33,66.99
ORD100738,2024-01-02,CUST1141,56.0,Male,Hair Dryer,Beauty,1,14.77,14.77
ORD100166,2024-01-03,CUST1005,32.0,Male,Moisturizer,Beauty,3,63.36,190.08
ORD100956,2024-01-04,CUST1034,18.0,Male,Vacuum Cleaner,Home,4,398.56,1594.24
ORD100844,2024-01-05,CUST1165,34.0,Female,Football,Sports,2,245.51,491.02
ORD101056,2024-01-07,CUST1136,32.0,Male,Desk Lamp,Home,4,174.59,698.36
ORD100098,2024-01-07,CUST1269,38.0,Male,Vacuum Cleaner,Home,4,298.96,1195.84
ORD100014,2024-01-08,CUST1109,54.0,Male,Laptop,Electronics,1,334.61,334.61
ORD100747,2024-01-08,CUST1226,22.0,Male,Desk Lamp,Home,3,373.44,1120.32
ORD100692,2024-01-09,CUST1106,29.0,Female,Desk Lamp,Home,2,186.08,372.16
ORD100467,2024-01-10,CUST1288,30.0,Female,Coffee Maker,Home,1,348.62,348.62
ORD100405,2024-01-10,CUST1314,25.0,Female,Coffee Maker,Home,4,349.54,1398.16
ORD100891,2024-01-11,CUST1200,38.0,Female,Hair Dryer,Beauty,2,147.01,294.02
ORD100728,2024-01-12,CUST1246,30.0,Female,Shampoo,Beauty,2,49.99,99.98
ORD100296,2024-01-13,CUST1230,55.0,Male,Jeans,Clothing,2,40.12,80.24
ORD100052,2024-01-13,CUST1166,22.0,,Moisturizer,Beauty,4,67.85,271.4
ORD100848,2024-01-13,CUST1011,26.0,Male,Dumbbells,Sports,3,247.68,743.04
ORD100498,2024-01-13,CUST1066,44.0,Male,Laptop,Electronics,1,168.73,168.73
ORD100216,2024-01-14,CUST1079,44.0,Male,Smartwatch,Electronics,5,290.62,1453.1
ORD100708,2024-01-14,CUST1144,36.0,Female,Perfume,Beauty,1,29.04,29.04
ORD101189,2024-01-14,CUST1281,29.0,Male,Coffee Maker,Home,3,343.25,1029.75
ORD100548,2024-01-14,CUST1062,65.0,Male,T-Shirt,Clothing,1,47.37,47.37
ORD100073,2024-01-15,CUST1318,56.0,Male,Laptop,Electronics,2,697.92,1395.84
ORD100867,2024-01-16,CUST1121,19.0,Male,Laptop,Electronics,1,326.67,326.67
ORD100400,2024-01-16,CUST1125,38.0,Male,Hair Dryer,Beauty,1,97.76,97.76
ORD101163,2024-01-17,CUST1053,44.0,Female,Vacuum Cleaner,Home,1,335.08,335.08
ORD100298,2024-01-18,CUST1010,51.0,Female,Tablet,Electronics,4,825.77,3303.08
ORD100664,2024-01-18,CUST1276,49.0,Male,Tablet,Electronics,1,1032.04,1032.04
ORD100788,2024-01-18,CUST1042,35.0,Male,Coffee Maker,Home,1,200.52,200.52
ORD101127,2024-01-19,CUST1044,64.0,Male,Tablet,Electronics,1,371.19,371.19
ORD100674,2024-01-19,CUST1026,24.0,Female,Backpack,Clothing,1,97.5,97.5
ORD101053,2024-01-19,CUST1331,31.0,Female,Football,Sports,3,267.05,801.15
ORD101169,2024-01-19,CUST1156,26.0,Male,Laptop,Electronics,1,96.44,96.44
ORD100726,2024-01-19,CUST1070,30.0,Male,Shampoo,Beauty,1,37.03,37.03
ORD100758,2024-01-20,CUST1323,23.0,Male,Backpack,Clothing,1,84.37,84.37
ORD100123,2024-01-21,CUST1108,57.0,Female,Coffee Maker,Home,2,119.55,239.1
ORD100230,2024-01-22,CUST1350,46.0,Female,Backpack,Clothing,2,108.48,216.96
ORD100179,2024-01-24,CUST1327,65.0,Female,Football,Sports,1,251.43,251.43
ORD101119,2024-01-25,CUST1168,32.0,Female,Coffee Maker,Home,1,354.4,354.4
ORD100796,2024-01-25,CUST1258,18.0,Female,Running Shoes,Sports,2,64.05,128.1
ORD100893,2024-01-26,CUST1212,27.0,Male,Moisturizer,Beauty,1,34.95,34.95
ORD100427,2024-01-27,CUST1301,45.0,Female,Office Chair,Home,3,175.21,525.63
ORD100189,2024-01-27,CUST1326,60.0,Male,Jacket,Clothing,1,163.05,163.05
ORD100976,2024-01-28,CUST1021,35.0,Female,Coffee Maker,Home,4,158.3,633.2
ORD101081,2024-01-30,CUST1069,32.0,Male,Shampoo,Beauty,1,31.7,31.7
ORD100483,2024-02-01,CUST1325,46.0,Male,Sneakers,Clothing,1,158.84,158.84
ORD100456,2024-02-01,CUST1007,43.0,Female,Jeans,Clothing,1,110.89,110.89
ORD100139,2024-02-04,CUST1066,28.0,Male,Coffee Maker,Home,4,187.28,749.12
ORD101043,2024-02-06,CUST1130,36.0,Female,Coffee Maker,Home,2,158.81,317.62
ORD100786,2024-02-08,CUST1143,54.0,Male,Running Shoes,Sports,4,91.62,366.48
ORD100884,2024-02-09,CUST1185,36.0,Male,Smartphone,Electronics,4,1131.88,4527.52
ORD100513,2024-02-10,CUST1243,29.0,Female,Dumbbells,Sports,2,25.24,50.48
ORD100832,2024-02-11,CUST1215,48.0,Female,Backpack,Clothing,3,130.05,390.15
ORD101065,2024-02-11,CUST1181,33.0,Male,Desk Lamp,Home,2,300.14,600.28
ORD101160,2024-02-11,CUST1127,26.0,Male,Smartwatch,Electronics,1,445.94,445.94
ORD100934,2024-02-11,CUST1279,19.0,Male,Backpack,Clothing,1,18.58,18.58
ORD100459,2024-02-12,CUST1161,42.0,Female,Tablet,Electronics,2,581.68,1163.36
ORD100426,2024-02-13,CUST1216,54.0,Female,Jeans,Clothing,2,46.49,92.98
ORD101032,2024-02-13,CUST1235,26.0,Female,Jacket,Clothing,5,85.36,426.8
ORD101047,2024-02-14,CUST1214,19.0,Male,Headphones,Electronics,5,1088.13,5440.65
ORD100419,2024-02-14,CUST1116,46.0,Male,Jeans,Clothing,1,55.25,55.25
ORD100588,2024-02-15,CUST1032,55.0,Female,Headphones,Electronics,2,941.24,1882.48
ORD101083,2024-02-18,CUST1334,45.0,Male,Coffee Maker,Home,2,118.03,236.06
ORD100581,2024-02-18,CUST1300,23.0,Male,Sneakers,Clothing,4,108.98,435.92
ORD100182,2024-02-19,CUST1297,42.0,Male,Tablet,Electronics,1,337.77,337.77
ORD100670,2024-02-20,CUST1328,19.0,Male,Office Chair,Home,4,324.83,1299.32
ORD101007,2024-02-20,CUST1285,37.0,Female,Jeans,Clothing,1,95.01,95.01
ORD100775,2024-02-20,CUST1297,65.0,Male,Moisturizer,Beauty,2,65.62,131.24
ORD100322,2024-02-21,CUST1047,34.0,Female,Moisturizer,Beauty,4,58.19,232.76
ORD100381,2024-02-23,CUST1221,48.0,Male,Tablet,Electronics,4,42.69,170.76
ORD101064,2024-02-24,CUST1323,65.0,Female,Bookshelf,Home,2,180.4,360.8
ORD101140,2024-02-24,CUST1206,36.0,Male,Backpack,Clothing,3,91.47,274.41
ORD100294,2024-02-25,CUST1258,42.0,Male,Office Chair,Home,2,333.32,666.64
ORD100480,2024-02-25,CUST1314,63.0,Male,Backpack,Clothing,2,124.89,249.78
ORD100842,2024-02-26,CUST1094,47.0,Female,Jeans,Clothing,1,48.54,48.54
ORD101125,2024-02-26,CUST1321,53.0,Male,Jeans,Clothing,2,44.58,89.16
ORD101191,2024-02-26,CUST1108,47.0,Female,Tablet,Electronics,2,919.59,1839.18
ORD100797,2024-02-26,CUST1152,32.0,Male,Running Shoes,Sports,1,292.14,292.14
ORD100784,2024-02-26,CUST1174,55.0,Female,Office Chair,Home,1,118.57,118.57
ORD101086,2024-02-27,CUST1101,47.0,Female,Jacket,Clothing,3,107.23,321.69
ORD100416,2024-02-27,CUST1209,36.0,Male,Bookshelf,Home,2,169.5,339.0
ORD100131,2024-02-28,CUST1273,55.0,Male,Vacuum Cleaner,Home,2,247.57,495.14
ORD100280,2024-02-28,CUST1193,31.0,Female,Face Wash,Beauty,1,85.44,85.44
ORD100996,2024-02-28,CUST1226,34.0,Female,Tablet,Electronics,1,80.61,80.61
ORD100380,2024-03-01,CUST1215,28.0,Female,Desk Lamp,Home,2,49.58,99.16
ORD101050,2024-03-02,CUST1279,30.0,,Smartwatch,Electronics,3,444.71,1334.13
ORD100967,2024-03-03,CUST1222,62.0,Female,Hair Dryer,Beauty,2,58.55,117.1
ORD100384,2024-03-05,CUST1042,48.0,Male,Running Shoes,Sports,1,195.38,195.38
ORD100335,2024-03-05,CUST1217,25.0,Female,Laptop,Electronics,4,915.36,3661.44
ORD100015,2024-03-07,CUST1129,58.0,Female,Headphones,Electronics,2,76.09,152.18
ORD100320,2024-03-08,CUST1144,53.0,Male,Coffee Maker,Home,2,243.31,486.62
ORD100908,2024-03-08,CUST1015,56.0,Male,Bookshelf,Home,4,41.31,165.24
ORD100620,2024-03-08,CUST1069,39.0,Female,Hair Dryer,Beauty,1,139.87,139.87
ORD100682,2024-03-09,CUST1289,37.0,Female,Coffee Maker,Home,2,74.22,148.44
ORD100435,2024-03-09,CUST1243,35.0,Female,Smartphone,Electronics,1,779.03,779.03
ORD100247,2024-03-09,CUST1053,35.0,Female,Coffee Maker,Home,3,160.88,482.64
ORD100001,2024-03-09,CUST1335,21.0,Female,Bookshelf,Home,3,58.48,175.44
ORD100981,2024-03-09,CUST1297,48.0,Female,Bookshelf,Home,2,124.07,248.14
ORD101085,2024-03-09,CUST1121,31.0,Male,Cricket Bat,Sports,2,228.58,457.16
ORD100783,2024-03-10,CUST1314,57.0,Male,Office Chair,Home,2,22.96,45.92
ORD100606,2024-03-11,CUST1231,22.0,Male,Sneakers,Clothing,4,20.31,81.24
ORD100311,2024-03-11,CUST1236,40.0,Male,Desk Lamp,Home,2,140.44,280.88
ORD100671,2024-03-11,CUST1211,34.0,Male,Smartwatch,Electronics,3,93.43,280.29
ORD101109,2024-03-11,CUST1158,63.0,Female,Sneakers,Clothing,2,141.41,282.82
ORD100938,2024-03-11,CUST1276,30.0,Female,Cricket Bat,Sports,1,169.47,169.47
ORD100547,2024-03-13,CUST1009,41.0,Female,Tablet,Electronics,4,350.01,1400.04
ORD100033,2024-03-13,CUST1038,27.0,Male,Headphones,Electronics,2,920.73,1841.46
ORD100475,2024-03-14,CUST1286,53.0,Male,Jacket,Clothing,1,29.72,29.72
ORD100031,2024-03-14,CUST1162,46.0,Female,Backpack,Clothing,2,139.74,279.48
ORD100506,2024-03-14,CUST1310,41.0,Male,Tablet,Electronics,3,874.8,2624.4
ORD100117,2024-03-15,CUST1324,28.0,Male,Shampoo,Beauty,4,104.05,416.2
ORD100933,2024-03-15,CUST1277,19.0,Male,Running Shoes,Sports,1,121.46,121.46
ORD101079,2024-03-18,CUST1151,47.0,Male,Laptop,Electronics,2,285.8,571.6
ORD100120,2024-03-18,CUST1310,43.0,Male,T-Shirt,Clothing,1,143.75,143.75
ORD100654,2024-03-18,CUST1181,60.0,Female,Shampoo,Beauty,1,145.32,145.32
ORD100445,2024-03-19,CUST1299,20.0,Male,Hair Dryer,Beauty,1,65.01,65.01
ORD100638,2024-03-19,CUST1053,43.0,Male,Smartwatch,Electronics,1,511.74,511.74
ORD100187,2024-03-19,CUST1145,54.0,Female,Perfume,Beauty,1,92.68,92.68
ORD100004,2024-03-19,CUST1265,38.0,Male,Sneakers,Clothing,2,81.42,162.84
ORD100560,2024-03-19,CUST1242,59.0,Male,Backpack,Clothing,3,47.95,143.85
ORD100306,2024-03-19,CUST1218,35.0,Male,Yoga Mat,Sports,1,247.78,247.78
ORD100206,2024-03-19,CUST1278,25.0,Female,Smartwatch,Electronics,4,1001.66,4006.64
ORD101013,2024-03-20,CUST1024,21.0,Female,Yoga Mat,Sports,2,148.81,297.62
ORD101114,2024-03-20,CUST1338,42.0,Male,Sneakers,Clothing,5,124.45,622.25
ORD100729,2024-03-21,CUST1262,35.0,Male,Smartwatch,Electronics,4,728.81,2915.24
ORD100408,2024-03-21,CUST1002,19.0,Male,Smartwatch,Electronics,3,1016.81,3050.43
ORD101174,2024-03-21,CUST1083,60.0,Male,Vacuum Cleaner,Home,2,149.83,299.66
ORD100211,2024-03-22,CUST1166,34.0,Male,Jeans,Clothing,1,86.31,86.31
ORD100277,2024-03-22,CUST1111,39.0,Male,Hair Dryer,Beauty,1,75.31,75.31
ORD100545,2024-03-22,CUST1100,43.0,Male,Jeans,Clothing,2,139.59,279.18
ORD100342,2024-03-23,CUST1200,62.0,Female,Sneakers,Clothing,2,112.98,225.96
ORD101036,2024-03-24,CUST1087,55.0,Female,Jacket,Clothing,4,23.03,92.12
ORD100675,2024-03-24,CUST1027,44.0,Male,Vacuum Cleaner,Home,1,326.19,326.19
ORD101080,2024-03-25,CUST1141,29.0,Female,Running Shoes,Sports,1,103.64,103.64
ORD100721,2024-03-25,CUST1072,27.0,Male,Dumbbells,Sports,4,129.27,517.08
ORD100768,2024-03-26,CUST1091,31.0,Male,Football,Sports,5,270.37,1351.85
ORD100151,2024-03-27,CUST1039,58.0,Male,Running Shoes,Sports,1,128.09,128.09
ORD100637,2024-03-27,CUST1126,41.0,Male,Jacket,Clothing,2,94.7,189.4
ORD100816,2024-03-28,CUST1249,32.0,Male,T-Shirt,Clothing,2,84.01,168.02
ORD100865,2024-03-28,CUST1148,39.0,Male,Bookshelf,Home,2,353.02,706.04
ORD100045,2024-03-29,CUST1194,49.0,Female,Coffee Maker,Home,1,102.29,102.29
ORD100469,2024-03-30,CUST1333,42.0,,Smartphone,Electronics,3,1092.35,3277.05
ORD100851,2024-03-30,CUST1105,18.0,Female,Headphones,Electronics,2,402.92,805.84
ORD100610,2024-03-30,CUST1130,18.0,Male,Jacket,Clothing,4,94.54,378.16
ORD100989,2024-03-30,CUST1259,45.0,Male,Tablet,Electronics,3,535.89,1607.67
ORD100569,2024-04-01,CUST1102,58.0,Male,Cricket Bat,Sports,1,251.48,251.48
ORD101112,2024-04-01,CUST1262,40.0,Female,Smartphone,Electronics,2,749.15,1498.3
ORD100695,2024-04-02,CUST1282,56.0,Female,Laptop,Electronics,2,1191.23,2382.46
ORD100226,2024-04-02,CUST1163,,Male,Laptop,Electronics,2,724.73,1449.46
ORD100225,2024-04-03,CUST1310,33.0,Male,Office Chair,Home,2,346.77,693.54
ORD100531,2024-04-03,CUST1140,29.0,Male,Shampoo,Beauty,1,42.35,42.35
ORD100178,2024-04-04,CUST1237,49.0,Female,Vacuum Cleaner,Home,1,291.27,291.27
ORD100012,2024-04-04,CUST1321,39.0,Male,Football,Sports,2,244.77,489.54
ORD101107,2024-04-04,CUST1156,25.0,Male,Desk Lamp,Home,2,309.45,618.9
ORD100474,2024-04-06,CUST1112,31.0,Female,Dumbbells,Sports,3,207.41,622.23
ORD100420,2024-04-06,CUST1237,60.0,Male,Moisturizer,Beauty,1,11.13,11.13
ORD100271,2024-04-06,CUST1223,22.0,Male,Moisturizer,Beauty,2,28.88,57.76
ORD100428,2024-04-06,CUST1333,47.0,Male,Dumbbells,Sports,2,231.49,462.98
ORD100210,2024-04-07,CUST1274,63.0,Female,Tablet,Electronics,3,657.69,1973.07
ORD100923,2024-04-08,CUST1311,36.0,Female,Running Shoes,Sports,2,15.58,31.16
ORD100059,2024-04-08,CUST1185,52.0,Male,Tablet,Electronics,1,851.21,851.21
ORD100508,2024-04-10,CUST1085,64.0,Female,Face Wash,Beauty,1,131.51,131.51
ORD100942,2024-04-10,CUST1077,48.0,Male,Jacket,Clothing,1,114.93,114.93
ORD100961,2024-04-10,CUST1344,27.0,Male,Laptop,Electronics,1,276.67,276.67
ORD100543,2024-04-10,CUST1301,42.0,Female,Smartwatch,Electronics,2,88.32,176.64
ORD100466,2024-04-12,CUST1164,38.0,Male,Desk Lamp,Home,3,232.52,697.56
ORD100940,2024-04-14,CUST1275,58.0,Male,T-Shirt,Clothing,2,47.48,94.96
ORD100970,2024-04-14,CUST1272,52.0,Male,Backpack,Clothing,1,164.9,164.9
ORD100285,2024-04-14,CUST1281,57.0,Male,Jacket,Clothing,4,175.03,700.12
ORD100054,2024-04-15,CUST1068,25.0,Female,Yoga Mat,Sports,2,290.38,580.76
ORD100720,2024-04-15,CUST1146,60.0,Male,Shampoo,Beauty,4,128.11,512.44
ORD100284,2024-04-15,CUST1103,28.0,Male,Smartphone,Electronics,1,75.89,75.89
ORD100556,2024-04-16,CUST1335,29.0,Male,Vacuum Cleaner,Home,4,182.67,730.68
ORD100395,2024-04-17,CUST1153,33.0,Male,Coffee Maker,Home,1,122.93,122.93
ORD100857,2024-04-17,CUST1058,39.0,Male,Smartwatch,Electronics,2,228.87,457.74
ORD101143,2024-04-18,CUST1136,52.0,Male,Jeans,Clothing,2,154.15,308.3
ORD100366,2024-04-19,CUST1102,53.0,Female,Office Chair,Home,1,372.76,372.76
ORD100793,2024-04-19,CUST1160,18.0,Male,T-Shirt,Clothing,2,105.22,210.44
ORD100086,2024-04-20,CUST1178,61.0,Male,Bookshelf,Home,4,256.08,1024.32
ORD100746,2024-04-21,CUST1269,52.0,Female,Dumbbells,Sports,3,97.66,292.98
ORD100358,2024-04-21,CUST1292,50.0,Male,T-Shirt,Clothing,2,50.87,101.74
ORD100843,2024-04-21,CUST1174,48.0,Male,Smartwatch,Electronics,3,1060.04,3180.12
ORD100129,2024-04-21,CUST1155,30.0,Male,Tablet,Electronics,2,43.39,86.78
ORD100300,2024-04-22,CUST1076,61.0,Male,Tablet,Electronics,3,1003.6,3010.8
ORD101025,2024-04-23,CUST1227,37.0,Male,Football,Sports,1,227.83,227.83
ORD100372,2024-04-23,CUST1249,54.0,Female,Headphones,Electronics,4,990.97,3963.88
ORD100496,2024-04-23,CUST1169,39.0,Male,Bookshelf,Home,4,348.34,1393.36
ORD100114,2024-04-24,CUST1004,27.0,Female,Shampoo,Beauty,1,71.22,71.22
ORD100171,2024-04-25,CUST1184,37.0,Male,Backpack,Clothing,4,124.68,498.72
ORD100020,2024-04-26,CUST1103,29.0,Female,Coffee Maker,Home,3,277.44,832.32
ORD100529,2024-04-26,CUST1082,53.0,Male,Smartphone,Electronics,5,155.85,779.25
ORD101058,2024-04-26,CUST1229,50.0,Female,Vacuum Cleaner,Home,1,128.94,128.94
ORD100511,2024-04-26,CUST1188,65.0,Female,T-Shirt,Clothing,4,145.36,581.44
ORD100596,2024-04-27,CUST1131,19.0,Female,Jeans,Clothing,1,176.88,176.88
ORD101157,2024-04-27,CUST1293,40.0,Female,Laptop,Electronics,1,474.4,474.4
ORD100711,2024-04-28,CUST1154,43.0,Male,Perfume,Beauty,3,69.26,207.78
ORD100518,2024-04-29,CUST1244,34.0,Female,Moisturizer,Beauty,1,146.39,146.39
ORD100780,2024-04-29,CUST1024,39.0,Male,Backpack,Clothing,4,74.72,298.88
ORD100615,2024-04-30,CUST1031,40.0,Female,Yoga Mat,Sports,1,231.91,231.91
ORD100723,2024-04-30,CUST1273,21.0,Female,Smartwatch,Electronics,1,994.87,994.87
ORD100360,2024-05-01,CUST1037,41.0,Female,Jeans,Clothing,2,53.53,107.06
ORD100153,2024-05-02,CUST1297,62.0,Female,Tablet,Electronics,3,362.27,1086.81
ORD100667,2024-05-02,CUST1261,43.0,Female,Laptop,Electronics,1,949.93,949.93
ORD100276,2024-05-04,CUST1164,63.0,Female,Backpack,Clothing,2,73.72,147.44
ORD100407,2024-05-04,CUST1087,54.0,Female,Bookshelf,Home,4,58.48,233.92
ORD100472,2024-05-05,CUST1056,37.0,Male,Football,Sports,2,122.53,245.06
ORD100350,2024-05-05,CUST1249,41.0,Male,Backpack,Clothing,1,110.54,110.54
ORD100107,2024-05-05,CUST1211,25.0,Male,Office Chair,Home,5,365.61,1828.05
ORD101113,2024-05-06,CUST1283,22.0,Female,Tablet,Electronics,3,1034.48,3103.44
ORD101073,2024-05-07,CUST1211,37.0,Male,Smartphone,Electronics,1,889.6,889.6
ORD100332,2024-05-07,CUST1186,64.0,Female,Shampoo,Beauty,2,142.77,285.54
ORD100235,2024-05-07,CUST1181,61.0,Male,Smartwatch,Electronics,2,469.26,938.52
ORD100592,2024-05-08,CUST1030,35.0,Female,Jeans,Clothing,1,162.33,162.33
ORD100761,2024-05-08,CUST1329,50.0,Female,Laptop,Electronics,2,261.7,523.4
ORD100413,2024-05-08,CUST1024,43.0,Female,Football,Sports,4,205.05,820.2
ORD100493,2024-05-09,CUST1292,39.0,Female,Desk Lamp,Home,2,55.35,110.7
ORD100240,2024-05-09,CUST1189,56.0,Male,Smartwatch,Electronics,2,232.13,464.26
ORD100436,2024-05-09,CUST1207,27.0,Male,Moisturizer,Beauty,1,82.73,82.73
ORD100644,2024-05-09,CUST1298,28.0,Female,Coffee Maker,Home,3,82.8,248.4
ORD100050,2024-05-09,CUST1279,57.0,Female,Tablet,Electronics,3,595.72,1787.16
ORD100523,2024-05-09,CUST1002,28.0,Male,Dumbbells,Sports,1,39.32,39.32
ORD100036,2024-05-09,CUST1255,25.0,Female,Face Wash,Beauty,2,122.65,245.3
ORD100574,2024-05-10,CUST1112,27.0,Male,T-Shirt,Clothing,5,162.91,814.55
ORD100241,2024-05-11,CUST1347,59.0,Male,Running Shoes,Sports,3,199.04,597.12
ORD100994,2024-05-11,CUST1198,61.0,Male,T-Shirt,Clothing,2,165.59,331.18
ORD100551,2024-05-11,CUST1114,52.0,Female,Sneakers,Clothing,2,107.81,215.62
ORD100724,2024-05-11,CUST1247,54.0,Female,Moisturizer,Beauty,1,134.22,134.22
ORD100274,2024-05-11,CUST1066,46.0,Female,Yoga Mat,Sports,3,253.11,759.33
ORD100105,2024-05-13,CUST1052,64.0,Female,Yoga Mat,Sports,1,212.92,212.92
ORD100603,2024-05-13,CUST1025,55.0,Male,Smartwatch,Electronics,1,431.31,431.31
ORD100660,2024-05-13,CUST1098,64.0,Female,T-Shirt,Clothing,1,87.9,87.9
ORD100760,2024-05-14,CUST1103,26.0,Male,Perfume,Beauty,1,15.37,15.37
ORD100824,2024-05-18,CUST1168,51.0,Female,Bookshelf,Home,4,316.14,1264.56
ORD100839,2024-05-19,CUST1347,30.0,Male,Backpack,Clothing,3,173.46,520.38
ORD100627,2024-05-19,CUST1171,31.0,Female,Backpack,Clothing,1,91.83,91.83
ORD100684,2024-05-22,CUST1097,53.0,Male,Jacket,Clothing,1,172.32,172.32
ORD100888,2024-05-22,CUST1104,60.0,Male,Laptop,Electronics,5,1173.44,5867.2
ORD100598,2024-05-23,CUST1253,37.0,Male,Headphones,Electronics,1,1091.45,1091.45
ORD100068,2024-05-23,CUST1108,63.0,Male,Face Wash,Beauty,1,39.02,39.02
ORD100905,2024-05-23,CUST1178,43.0,Female,Desk Lamp,Home,1,244.21,244.21
ORD100085,2024-05-23,CUST1326,32.0,Male,Coffee Maker,Home,2,395.78,791.56
ORD101042,2024-05-24,CUST1107,41.0,Male,Hair Dryer,Beauty,1,97.77,97.77
ORD101084,2024-05-24,CUST1009,40.0,Male,Football,Sports,2,110.67,221.34
ORD100313,2024-05-25,CUST1072,27.0,Male,Smartphone,Electronics,4,575.28,2301.12
ORD101190,2024-05-25,CUST1078,35.0,Male,Shampoo,Beauty,3,84.91,254.73
ORD101095,2024-05-26,CUST1006,63.0,Male,Tablet,Electronics,1,419.96,419.96
ORD100604,2024-05-27,CUST1179,47.0,Female,Headphones,Electronics,1,880.98,880.98
ORD100699,2024-05-28,CUST1161,65.0,Female,Smartphone,Electronics,2,1022.84,2045.68
ORD100411,2024-05-29,CUST1293,41.0,Male,Bookshelf,Home,1,70.9,70.9
ORD100993,2024-05-29,CUST1101,20.0,Female,Coffee Maker,Home,1,348.1,348.1
ORD100868,2024-05-30,CUST1026,47.0,Male,Tablet,Electronics,2,452.79,905.58
ORD100040,2024-05-30,CUST1220,23.0,Female,Office Chair,Home,1,351.58,351.58
ORD101038,2024-05-30,CUST1101,30.0,Male,Hair Dryer,Beauty,3,125.59,376.77
ORD100110,2024-05-31,CUST1205,58.0,Male,Smartwatch,Electronics,3,435.35,1306.05
ORD100537,2024-05-31,CUST1106,23.0,Female,Moisturizer,Beauty,1,112.54,112.54
ORD101137,2024-06-01,CUST1042,28.0,Male,Cricket Bat,Sports,1,95.05,95.05
ORD100443,2024-06-02,CUST1115,37.0,Male,Coffee Maker,Home,2,367.96,735.92
ORD100566,2024-06-02,CUST1114,50.0,Female,Jacket,Clothing,4,159.47,637.88
ORD100567,2024-06-02,CUST1062,30.0,Male,Desk Lamp,Home,3,275.1,825.3
ORD100697,2024-06-02,CUST1022,23.0,Female,Bookshelf,Home,2,235.93,471.86
ORD100561,2024-06-03,CUST1172,56.0,Female,Moisturizer,Beauty,3,99.14,297.42
ORD100099,2024-06-03,CUST1322,22.0,Female,Laptop,Electronics,3,649.28,1947.84
ORD100676,2024-06-03,CUST1190,26.0,Female,Cricket Bat,Sports,2,87.34,174.68
ORD101120,2024-06-04,CUST1047,18.0,Male,Headphones,Electronics,2,888.33,1776.66
ORD100550,2024-06-05,CUST1029,23.0,Female,Moisturizer,Beauty,3,129.71,389.13
ORD100265,2024-06-05,CUST1029,60.0,Female,Football,Sports,3,43.3,129.9
ORD100601,2024-06-05,CUST1003,43.0,Male,Tablet,Electronics,1,979.44,979.44
ORD100357,2024-06-06,CUST1080,24.0,Female,Smartwatch,Electronics,1,386.18,386.18
ORD100829,2024-06-09,CUST1248,59.0,Female,Face Wash,Beauty,2,21.85,43.7
ORD100282,2024-06-09,CUST1291,54.0,Female,Coffee Maker,Home,1,248.65,248.65
ORD100613,2024-06-09,CUST1172,38.0,,T-Shirt,Clothing,3,80.66,241.98
ORD100396,2024-06-10,CUST1182,56.0,Male,Dumbbells,Sports,3,210.91,632.73
ORD100026,2024-06-12,CUST1167,47.0,Male,Perfume,Beauty,3,56.33,168.99
ORD100828,2024-06-12,CUST1204,45.0,Male,Vacuum Cleaner,Home,1,339.66,339.66
ORD100252,2024-06-13,CUST1224,60.0,Male,Vacuum Cleaner,Home,4,53.99,215.96
ORD101041,2024-06-13,CUST1114,36.0,Male,Jeans,Clothing,2,143.68,287.36
ORD100158,2024-06-13,CUST1120,61.0,Female,Moisturizer,Beauty,1,132.94,132.94
ORD100512,2024-06-14,CUST1159,31.0,Male,Office Chair,Home,5,305.3,1526.5
ORD100118,2024-06-14,CUST1168,53.0,Female,Smartphone,Electronics,1,192.76,192.76
ORD100983,2024-06-15,CUST1283,59.0,Male,Smartwatch,Electronics,1,501.04,501.04
ORD101005,2024-06-16,CUST1031,49.0,Female,Hair Dryer,Beauty,1,119.33,119.33
ORD100532,2024-06-16,CUST1029,60.0,Female,Cricket Bat,Sports,3,274.65,823.95
ORD100714,2024-06-17,CUST1134,50.0,Female,Bookshelf,Home,1,179.59,179.59
ORD100877,2024-06-17,CUST1313,30.0,Male,Perfume,Beauty,5,112.16,560.8
ORD100450,2024-06-17,CUST1178,44.0,Male,Smartphone,Electronics,1,354.99,354.99
ORD100988,2024-06-18,CUST1317,25.0,Female,Bookshelf,Home,4,311.74,1246.96
ORD100388,2024-06-19,CUST1302,28.0,Female,Smartphone,Electronics,1,993.43,993.43
ORD101093,2024-06-19,CUST1095,63.0,Female,Jacket,Clothing,3,138.11,414.33
ORD100302,2024-06-19,CUST1085,34.0,Male,Jeans,Clothing,2,38.09,76.18
ORD100150,2024-06-20,CUST1103,26.0,Male,Coffee Maker,Home,1,99.13,99.13
ORD100097,2024-06-21,CUST1007,38.0,Female,Jacket,Clothing,2,93.02,186.04
ORD100509,2024-06-24,CUST1273,47.0,Female,Cricket Bat,Sports,1,223.19,223.19
ORD100578,2024-06-25,CUST1052,20.0,Male,Yoga Mat,Sports,1,149.92,149.92
ORD100823,2024-06-25,CUST1127,,Male,Office Chair,Home,1,21.18,21.18
ORD100880,2024-06-26,CUST1094,25.0,Female,Smartwatch,Electronics,1,950.91,950.91
ORD100043,2024-06-27,CUST1167,62.0,Female,Smartphone,Electronics,2,492.12,984.24
ORD100376,2024-06-27,CUST1029,50.0,Male,Office Chair,Home,1,320.46,320.46
ORD100128,2024-06-27,CUST1141,52.0,Male,Running Shoes,Sports,4,269.07,1076.28
ORD100666,2024-06-28,CUST1275,49.0,Female,Tablet,Electronics,1,1009.07,1009.07
ORD100794,2024-06-28,CUST1064,56.0,Male,T-Shirt,Clothing,1,142.72,142.72
ORD100464,2024-06-28,CUST1276,53.0,Female,Jeans,Clothing,3,150.54,451.62
ORD100798,2024-06-28,CUST1215,21.0,Female,Backpack,Clothing,1,86.3,86.3
ORD100936,2024-06-29,CUST1186,26.0,Female,Coffee Maker,Home,1,163.46,163.46
ORD100952,2024-06-30,CUST1219,57.0,Male,T-Shirt,Clothing,2,156.42,312.84
ORD100308,2024-06-30,CUST1346,61.0,Female,Bookshelf,Home,2,316.22,632.44
ORD100847,2024-06-30,CUST1031,65.0,Male,Smartphone,Electronics,2,407.2,814.4
ORD100649,2024-07-01,CUST1100,34.0,Male,Hair Dryer,Beauty,1,111.96,111.96
ORD100077,2024-07-01,CUST1162,55.0,Female,Hair Dryer,Beauty,2,40.14,80.28
ORD100047,2024-07-01,CUST1206,18.0,Male,Office Chair,Home,3,64.61,193.83
ORD101144,2024-07-02,CUST1106,64.0,Male,Sneakers,Clothing,1,102.75,102.75
ORD100125,2024-07-02,CUST1324,21.0,Female,Laptop,Electronics,4,1181.25,4725.0
ORD100434,2024-07-03,CUST1059,23.0,Male,Smartwatch,Electronics,1,683.4,683.4
ORD100826,2024-07-04,CUST1076,31.0,Male,Running Shoes,Sports,1,242.3,242.3
ORD100490,2024-07-05,CUST1181,50.0,Male,Running Shoes,Sports,4,150.49,601.96
ORD100870,2024-07-06,CUST1323,49.0,Male,Running Shoes,Sports,1,110.04,110.04
ORD100906,2024-07-07,CUST1077,64.0,Female,Football,Sports,1,64.05,64.05
ORD100011,2024-07-07,CUST1148,47.0,Female,Smartphone,Electronics,2,896.16,1792.32
ORD100304,2024-07-07,CUST1326,52.0,Male,Jeans,Clothing,1,179.95,179.95
ORD100119,2024-07-07,CUST1176,56.0,Female,Cricket Bat,Sports,3,81.74,245.22
ORD100591,2024-07-07,CUST1067,32.0,Male,Tablet,Electronics,3,758.89,2276.67
ORD100135,2024-07-09,CUST1258,33.0,Female,Cricket Bat,Sports,2,143.38,286.76
ORD100017,2024-07-09,CUST1047,28.0,Female,Office Chair,Home,2,55.94,111.88
ORD100477,2024-07-09,CUST1036,38.0,Female,Laptop,Electronics,2,694.97,1389.94
ORD100062,2024-07-10,CUST1133,37.0,Female,Vacuum Cleaner,Home,3,254.22,762.66
ORD100661,2024-07-10,CUST1313,59.0,Female,Coffee Maker,Home,3,315.82,947.46
ORD100685,2024-07-10,CUST1016,57.0,Male,Football,Sports,1,155.98,155.98
ORD100319,2024-07-11,CUST1257,51.0,Female,Tablet,Electronics,1,193.55,193.55
ORD101077,2024-07-11,CUST1188,60.0,Male,Bookshelf,Home,2,239.13,478.26
ORD101129,2024-07-11,CUST1313,35.0,Female,Vacuum Cleaner,Home,2,211.57,423.14
ORD100825,2024-07-12,CUST1244,30.0,Male,Sneakers,Clothing,2,31.15,62.3
ORD101186,2024-07-14,CUST1304,62.0,Male,Cricket Bat,Sports,3,187.54,562.62
ORD101183,2024-07-14,CUST1115,53.0,Male,Jacket,Clothing,2,76.43,152.86
ORD100924,2024-07-15,CUST1016,48.0,Male,Shampoo,Beauty,1,32.72,32.72
ORD100725,2024-07-15,CUST1186,21.0,Male,Backpack,Clothing,1,102.57,102.57
ORD100044,2024-07-15,CUST1204,36.0,Male,Football,Sports,2,123.16,246.32
ORD100331,2024-07-16,CUST1090,36.0,Male,Desk Lamp,Home,1,388.3,388.3
ORD101146,2024-07-16,CUST1237,29.0,Female,Cricket Bat,Sports,1,143.39,143.39
ORD100417,2024-07-16,CUST1251,23.0,Male,Vacuum Cleaner,Home,2,127.62,255.24
ORD100612,2024-07-17,CUST1297,19.0,Female,Shampoo,Beauty,4,14.33,57.32
ORD100497,2024-07-17,CUST1022,63.0,Male,T-Shirt,Clothing,3,90.91,272.73
ORD100997,2024-07-17,CUST1237,53.0,Male,Yoga Mat,Sports,4,239.4,957.6
ORD100035,2024-07-17,CUST1200,61.0,Female,Dumbbells,Sports,3,81.34,244.02
ORD100941,2024-07-18,CUST1181,30.0,Female,Desk Lamp,Home,2,294.4,588.8
ORD100600,2024-07-18,CUST1062,60.0,Male,Headphones,Electronics,4,785.67,3142.68
ORD100136,2024-07-18,CUST1249,24.0,Female,Vacuum Cleaner,Home,3,197.09,591.27
ORD101151,2024-07-19,CUST1286,26.0,Male,Hair Dryer,Beauty,1,14.08,14.08
ORD101182,2024-07-22,CUST1304,27.0,Female,Office Chair,Home,2,148.58,297.16
ORD100866,2024-07-22,CUST1025,23.0,Female,Sneakers,Clothing,1,112.94,112.94
ORD100639,2024-07-23,CUST1198,19.0,Female,Vacuum Cleaner,Home,1,381.91,381.91
ORD100559,2024-07-23,CUST1082,29.0,Female,Face Wash,Beauty,2,112.94,225.88
ORD100042,2024-07-24,CUST1004,57.0,Male,Jacket,Clothing,3,38.74,116.22
ORD101049,2024-07-24,CUST1166,39.0,Female,Yoga Mat,Sports,3,251.23,753.69
ORD100398,2024-07-24,CUST1067,54.0,Male,Bookshelf,Home,1,132.86,132.86
ORD101037,2024-07-25,CUST1015,59.0,Male,Office Chair,Home,3,350.96,1052.88
ORD100975,2024-07-25,CUST1241,46.0,Male,Smartwatch,Electronics,1,729.97,729.97
ORD100365,2024-07-25,CUST1336,21.0,Female,Yoga Mat,Sports,1,232.34,232.34
ORD100221,2024-07-27,CUST1082,46.0,Female,Jacket,Clothing,2,154.81,309.62
ORD100473,2024-07-27,CUST1035,50.0,Female,Laptop,Electronics,1,1126.13,1126.13
ORD100048,2024-07-27,CUST1150,60.0,Male,Jacket,Clothing,3,80.17,240.51
ORD100161,2024-07-27,CUST1336,30.0,Male,Coffee Maker,Home,1,275.04,275.04
ORD101199,2024-07-27,CUST1074,42.0,Female,Shampoo,Beauty,1,130.33,130.33
ORD100833,2024-07-28,CUST1158,34.0,Female,Smartwatch,Electronics,1,659.78,659.78
ORD101193,2024-07-28,CUST1039,65.0,Male,Office Chair,Home,1,174.76,174.76
ORD100418,2024-07-29,CUST1117,60.0,Male,Coffee Maker,Home,1,73.65,73.65
ORD101155,2024-07-29,CUST1175,19.0,Female,Jacket,Clothing,1,113.43,113.43
ORD100745,2024-07-30,CUST1052,32.0,Male,Tablet,Electronics,2,92.67,185.34
ORD100349,2024-07-30,CUST1031,54.0,Female,Desk Lamp,Home,2,246.82,493.64
ORD100806,2024-07-31,CUST1334,50.0,Male,Shampoo,Beauty,4,56.93,227.72
ORD100722,2024-08-01,CUST1330,41.0,Female,Laptop,Electronics,3,925.21,2775.63
ORD101023,2024-08-01,CUST1282,44.0,Female,Dumbbells,Sports,5,239.16,1195.8
ORD100958,2024-08-02,CUST1196,27.0,Male,Laptop,Electronics,1,674.38,674.38
ORD100998,2024-08-02,CUST1026,34.0,Female,Tablet,Electronics,2,517.15,1034.3
ORD100501,2024-08-02,CUST1300,22.0,Female,Sneakers,Clothing,3,10.49,31.47
ORD100104,2024-08-02,CUST1017,37.0,Female,Jeans,Clothing,2,14.27,28.54
ORD100273,2024-08-03,CUST1046,26.0,Male,Football,Sports,2,52.06,104.12
ORD100759,2024-08-03,CUST1210,51.0,Male,Yoga Mat,Sports,1,266.58,266.58
ORD100070,2024-08-03,CUST1017,28.0,Female,Cricket Bat,Sports,3,34.48,103.44
ORD100074,2024-08-04,CUST1297,60.0,Female,Face Wash,Beauty,1,48.3,48.3
ORD100827,2024-08-05,CUST1231,28.0,Male,Office Chair,Home,2,252.13,504.26
ORD100433,2024-08-06,CUST1016,18.0,Male,Jeans,Clothing,3,149.64,448.92
ORD100377,2024-08-06,CUST1305,29.0,Male,Perfume,Beauty,3,148.66,445.98
ORD100900,2024-08-06,CUST1254,59.0,Female,Smartwatch,Electronics,2,898.59,1797.18
ORD101110,2024-08-06,CUST1326,26.0,Female,Tablet,Electronics,2,1143.67,2287.34
ORD100950,2024-08-08,CUST1017,55.0,Male,Backpack,Clothing,1,24.33,24.33
ORD101102,2024-08-08,CUST1322,36.0,Male,Yoga Mat,Sports,1,280.94,280.94
ORD100896,2024-08-08,CUST1205,47.0,Female,Headphones,Electronics,1,642.86,642.86
ORD100126,2024-08-09,CUST1302,47.0,Male,Office Chair,Home,2,118.55,237.1
ORD100202,2024-08-09,CUST1165,62.0,Female,Tablet,Electronics,1,239.34,239.34
ORD100165,2024-08-11,CUST1259,44.0,Male,Headphones,Electronics,2,231.64,463.28
ORD100969,2024-08-13,CUST1007,33.0,Female,T-Shirt,Clothing,5,23.11,115.55
ORD100470,2024-08-13,CUST1001,43.0,Female,Yoga Mat,Sports,1,283.75,283.75
ORD100811,2024-08-13,CUST1323,18.0,Female,Yoga Mat,Sports,1,204.57,204.57
ORD100926,2024-08-13,CUST1029,59.0,Male,Tablet,Electronics,1,560.94,560.94
ORD101134,2024-08-14,CUST1163,18.0,Male,Smartphone,Electronics,3,515.3,1545.9
ORD100287,2024-08-15,CUST1084,48.0,Male,Jeans,Clothing,2,176.62,353.24
ORD100810,2024-08-16,CUST1321,37.0,,Smartphone,Electronics,3,287.54,862.62
ORD100522,2024-08-16,CUST1099,37.0,Female,Vacuum Cleaner,Home,4,237.98,951.92
ORD100301,2024-08-16,CUST1164,47.0,Female,Smartphone,Electronics,2,672.0,1344.0
ORD100149,2024-08-17,CUST1084,57.0,Female,Smartwatch,Electronics,4,548.7,2194.8
ORD101067,2024-08-18,CUST1075,34.0,Female,Smartphone,Electronics,1,656.99,656.99
ORD100799,2024-08-19,CUST1322,37.0,Female,Jacket,Clothing,4,37.03,148.12
ORD100087,2024-08-19,CUST1003,34.0,Male,Face Wash,Beauty,1,83.45,83.45
ORD100804,2024-08-19,CUST1029,63.0,Female,Backpack,Clothing,1,31.27,31.27
ORD100607,2024-08-20,CUST1300,28.0,Male,Smartphone,Electronics,1,840.4,840.4
ORD100754,2024-08-23,CUST1120,61.0,Male,Bookshelf,Home,3,293.4,880.2
ORD100207,2024-08-23,CUST1114,34.0,Male,Laptop,Electronics,2,1189.87,2379.74
ORD100898,2024-08-24,CUST1089,63.0,Male,Running Shoes,Sports,1,187.56,187.56
ORD100899,2024-08-24,CUST1256,48.0,Male,Tablet,Electronics,3,639.48,1918.44
ORD101139,2024-08-24,CUST1210,24.0,Male,Sneakers,Clothing,1,17.14,17.14
ORD100142,2024-08-24,CUST1171,56.0,Female,Desk Lamp,Home,3,221.75,665.25
ORD101130,2024-08-24,CUST1156,20.0,Female,Bookshelf,Home,1,330.93,330.93
ORD100712,2024-08-25,CUST1176,39.0,Male,Backpack,Clothing,2,132.26,264.52
ORD101115,2024-08-25,CUST1344,25.0,Female,Jacket,Clothing,1,79.38,79.38
ORD100659,2024-08-25,CUST1264,29.0,Female,Sneakers,Clothing,2,49.45,98.9
ORD101003,2024-08-26,CUST1255,29.0,Male,Yoga Mat,Sports,1,167.48,167.48
ORD100337,2024-08-28,CUST1097,35.0,Female,Football,Sports,1,101.2,101.2
ORD100776,2024-08-29,CUST1130,38.0,Female,Headphones,Electronics,2,295.77,591.54
ORD100668,2024-09-02,CUST1331,18.0,Female,Tablet,Electronics,1,477.3,477.3
ORD100765,2024-09-02,CUST1121,51.0,Female,Laptop,Electronics,4,522.49,2089.96
ORD101035,2024-09-02,CUST1100,43.0,Female,Smartphone,Electronics,1,901.34,901.34
ORD100002,2024-09-03,CUST1288,36.0,Male,Cricket Bat,Sports,3,39.85,119.55
ORD100562,2024-09-03,CUST1231,24.0,Female,Smartphone,Electronics,3,701.95,2105.85
ORD100192,2024-09-03,CUST1070,45.0,Female,Running Shoes,Sports,1,228.71,228.71
ORD101001,2024-09-03,CUST1199,47.0,Male,Laptop,Electronics,1,1007.03,1007.03
ORD100312,2024-09-04,CUST1026,49.0,Female,Headphones,Electronics,1,959.32,959.32
ORD100782,2024-09-04,CUST1139,33.0,Female,Jacket,Clothing,1,138.15,138.15
ORD100854,2024-09-06,CUST1002,,Female,Yoga Mat,Sports,1,294.84,294.84
ORD100986,2024-09-07,CUST1137,42.0,Male,Backpack,Clothing,2,177.9,355.8
ORD100267,2024-09-07,CUST1097,29.0,Female,Jeans,Clothing,1,167.36,167.36
ORD100836,2024-09-07,CUST1267,27.0,Male,Coffee Maker,Home,1,133.9,133.9
ORD100750,2024-09-09,CUST1034,58.0,Male,T-Shirt,Clothing,2,100.44,200.88
ORD100175,2024-09-09,CUST1200,26.0,Female,Backpack,Clothing,5,132.64,663.2
ORD100641,2024-09-10,CUST1188,55.0,Female,Smartwatch,Electronics,2,294.18,588.36
ORD100869,2024-09-10,CUST1169,19.0,Female,Dumbbells,Sports,2,38.92,77.84
ORD100855,2024-09-11,CUST1101,20.0,Female,Headphones,Electronics,1,768.47,768.47
ORD100887,2024-09-11,CUST1069,28.0,Female,Jacket,Clothing,1,86.52,86.52
ORD100907,2024-09-11,CUST1188,65.0,Female,Hair Dryer,Beauty,4,139.42,557.68
ORD100972,2024-09-11,CUST1016,28.0,Male,Dumbbells,Sports,1,136.06,136.06
ORD100916,2024-09-12,CUST1280,42.0,Female,Vacuum Cleaner,Home,2,158.71,317.42
ORD100201,2024-09-12,CUST1072,20.0,Male,Backpack,Clothing,3,36.23,108.69
ORD100862,2024-09-14,CUST1255,60.0,Female,Jeans,Clothing,1,79.98,79.98
ORD100807,2024-09-14,CUST1256,51.0,Male,Dumbbells,Sports,3,23.79,71.37
ORD101165,2024-09-14,CUST1132,55.0,Male,Smartphone,Electronics,1,472.96,472.96
ORD100850,2024-09-15,CUST1130,54.0,Male,Backpack,Clothing,1,22.05,22.05
ORD100275,2024-09-16,CUST1091,33.0,Male,Sneakers,Clothing,2,72.97,145.94
ORD100003,2024-09-17,CUST1252,45.0,Female,Hair Dryer,Beauty,2,110.11,220.22
ORD101108,2024-09-18,CUST1142,42.0,Male,Face Wash,Beauty,2,104.4,208.8
ORD100258,2024-09-21,CUST1182,33.0,Female,Backpack,Clothing,2,27.89,55.78
ORD100558,2024-09-21,CUST1260,28.0,Male,Laptop,Electronics,4,436.49,1745.96
ORD100779,2024-09-22,CUST1208,33.0,Male,Hair Dryer,Beauty,1,29.24,29.24
ORD101106,2024-09-22,CUST1222,50.0,Female,Laptop,Electronics,2,172.57,345.14
ORD100595,2024-09-22,CUST1029,41.0,Male,Running Shoes,Sports,1,93.73,93.73
ORD100700,2024-09-23,CUST1107,64.0,Male,Backpack,Clothing,1,163.38,163.38
ORD100734,2024-09-23,CUST1051,36.0,Male,T-Shirt,Clothing,2,159.51,319.02
ORD100021,2024-09-23,CUST1342,23.0,Female,Jacket,Clothing,1,38.41,38.41
ORD100029,2024-09-24,CUST1310,64.0,Male,Jacket,Clothing,1,71.26,71.26
ORD100650,2024-09-24,CUST1104,56.0,Female,Sneakers,Clothing,1,70.36,70.36
ORD100463,2024-09-26,CUST1132,21.0,Female,Moisturizer,Beauty,1,140.19,140.19
ORD100172,2024-09-26,CUST1116,59.0,Male,Laptop,Electronics,1,384.2,384.2
ORD100078,2024-09-26,CUST1198,25.0,Female,Smartphone,Electronics,1,887.09,887.09
ORD100190,2024-09-27,CUST1091,22.0,Male,Smartphone,Electronics,4,508.92,2035.68
ORD100693,2024-09-27,CUST1220,59.0,Male,Jeans,Clothing,2,56.84,113.68
ORD100499,2024-09-27,CUST1021,30.0,Male,Dumbbells,Sports,1,195.81,195.81
ORD100528,2024-09-29,CUST1229,23.0,Male,Bookshelf,Home,1,224.37,224.37
ORD100576,2024-09-29,CUST1196,55.0,Female,Running Shoes,Sports,2,282.15,564.3
ORD100389,2024-09-29,CUST1322,51.0,Male,Hair Dryer,Beauty,1,122.9,122.9
ORD100237,2024-09-29,CUST1301,34.0,Female,Desk Lamp,Home,4,166.3,665.2
ORD100361,2024-09-29,CUST1342,28.0,Female,Bookshelf,Home,1,26.85,26.85
ORD100095,2024-09-29,CUST1176,46.0,Female,Moisturizer,Beauty,2,43.83,87.66
ORD100539,2024-09-30,CUST1074,23.0,Female,Jeans,Clothing,1,164.03,164.03
ORD101154,2024-10-01,CUST1063,43.0,Male,T-Shirt,Clothing,1,133.97,133.97
ORD100834,2024-10-01,CUST1069,64.0,Female,Tablet,Electronics,3,667.25,2001.75
ORD100646,2024-10-02,CUST1011,60.0,Male,Cricket Bat,Sports,3,18.71,56.13
ORD101133,2024-10-03,CUST1234,64.0,Female,Smartphone,Electronics,1,55.51,55.51
ORD100368,2024-10-04,CUST1159,30.0,Female,Yoga Mat,Sports,1,263.53,263.53
ORD100663,2024-10-04,CUST1115,49.0,Male,T-Shirt,Clothing,5,139.81,699.05
ORD100262,2024-10-04,CUST1260,43.0,Female,Cricket Bat,Sports,4,293.57,1174.28
ORD101198,2024-10-05,CUST1104,38.0,Male,Cricket Bat,Sports,1,185.93,185.93
ORD100421,2024-10-05,CUST1105,56.0,Female,Shampoo,Beauty,1,90.82,90.82
ORD100835,2024-10-05,CUST1085,26.0,Female,Sneakers,Clothing,2,83.03,166.06
ORD100957,2024-10-07,CUST1084,58.0,Female,Sneakers,Clothing,1,48.96,48.96
ORD100864,2024-10-08,CUST1038,47.0,Female,Vacuum Cleaner,Home,4,180.76,723.04
ORD100633,2024-10-08,CUST1323,30.0,Male,Jacket,Clothing,1,76.62,76.62
ORD100791,2024-10-09,CUST1330,56.0,Male,Tablet,Electronics,4,773.31,3093.24
ORD101164,2024-10-09,CUST1242,34.0,Male,Moisturizer,Beauty,1,127.61,127.61
ORD100145,2024-10-09,CUST1323,56.0,Female,Vacuum Cleaner,Home,5,335.83,1679.15
ORD100278,2024-10-09,CUST1338,25.0,Female,Sneakers,Clothing,1,85.5,85.5
ORD100921,2024-10-10,CUST1090,39.0,Male,Cricket Bat,Sports,1,164.84,164.84
ORD100116,2024-10-10,CUST1259,42.0,Male,Running Shoes,Sports,2,197.29,394.58
ORD100487,2024-10-10,CUST1216,20.0,Female,Smartwatch,Electronics,1,824.29,824.29
ORD100283,2024-10-10,CUST1159,51.0,Male,Vacuum Cleaner,Home,1,73.36,73.36
ORD101185,2024-10-11,CUST1041,58.0,Male,Headphones,Electronics,1,339.55,339.55
ORD100106,2024-10-11,CUST1134,63.0,Male,Laptop,Electronics,2,135.36,270.72
ORD100346,2024-10-12,CUST1264,18.0,Female,Jacket,Clothing,1,162.06,162.06
ORD100625,2024-10-12,CUST1256,50.0,Female,T-Shirt,Clothing,2,105.35,210.7
ORD100457,2024-10-13,CUST1049,34.0,Male,Headphones,Electronics,1,1079.04,1079.04
ORD100805,2024-10-15,CUST1195,65.0,Female,Vacuum Cleaner,Home,3,342.43,1027.29
ORD100231,2024-10-17,CUST1169,58.0,Female,Hair Dryer,Beauty,1,115.83,115.83
ORD100495,2024-10-18,CUST1181,35.0,Female,Jeans,Clothing,1,75.47,75.47
ORD100691,2024-10-19,CUST1133,35.0,Male,Bookshelf,Home,3,37.22,111.66
ORD100777,2024-10-20,CUST1293,45.0,Female,Headphones,Electronics,1,924.48,924.48
ORD100992,2024-10-20,CUST1257,20.0,Male,Jeans,Clothing,1,66.71,66.71
ORD100362,2024-10-20,CUST1327,26.0,Male,Sneakers,Clothing,2,175.16,350.32
ORD100764,2024-10-20,CUST1139,48.0,,Perfume,Beauty,3,98.97,296.91
ORD100303,2024-10-21,CUST1049,27.0,Male,Jacket,Clothing,3,109.11,327.33
ORD100315,2024-10-22,CUST1254,55.0,Female,Shampoo,Beauty,5,29.01,145.05
ORD101091,2024-10-22,CUST1337,32.0,Female,Yoga Mat,Sports,2,208.51,417.02
ORD101066,2024-10-23,CUST1078,19.0,Male,Moisturizer,Beauty,2,130.54,261.08
ORD100790,2024-10-24,CUST1208,59.0,Male,Cricket Bat,Sports,3,285.52,856.56
ORD100025,2024-10-24,CUST1018,46.0,Male,Sneakers,Clothing,5,23.1,115.5
ORD100327,2024-10-24,CUST1149,57.0,Male,Backpack,Clothing,1,19.82,19.82
ORD100154,2024-10-24,CUST1313,30.0,Female,Backpack,Clothing,2,148.84,297.68
ORD101055,2024-10-26,CUST1123,37.0,Male,Yoga Mat,Sports,1,146.63,146.63
ORD100913,2024-10-26,CUST1208,28.0,Female,Backpack,Clothing,2,104.07,208.14
ORD100616,2024-10-27,CUST1047,38.0,Female,Football,Sports,3,115.97,347.91
ORD100589,2024-10-28,CUST1289,64.0,Male,Tablet,Electronics,3,277.78,833.34
ORD100642,2024-10-30,CUST1186,63.0,Male,Vacuum Cleaner,Home,4,191.7,766.8
ORD100084,2024-10-31,CUST1078,49.0,Male,Smartphone,Electronics,2,434.87,869.74
ORD100755,2024-11-01,CUST1326,42.0,Female,Tablet,Electronics,1,272.65,272.65
ORD100233,2024-11-01,CUST1325,43.0,Male,Jacket,Clothing,1,161.24,161.24
ORD101097,2024-11-01,CUST1206,28.0,Female,Smartwatch,Electronics,3,707.47,2122.41
ORD100733,2024-11-02,CUST1278,50.0,Male,T-Shirt,Clothing,1,60.19,60.19
ORD101187,2024-11-02,CUST1173,61.0,Female,Jacket,Clothing,1,83.64,83.64
ORD100953,2024-11-02,CUST1326,45.0,Male,Tablet,Electronics,1,988.01,988.01
ORD100943,2024-11-02,CUST1151,38.0,Male,T-Shirt,Clothing,1,135.7,135.7
ORD100586,2024-11-03,CUST1137,45.0,Male,Smartphone,Electronics,1,787.73,787.73
ORD100034,2024-11-03,CUST1201,51.0,Male,Cricket Bat,Sports,4,272.53,1090.12
ORD100964,2024-11-04,CUST1347,31.0,Male,Desk Lamp,Home,1,34.26,34.26
ORD100820,2024-11-04,CUST1044,65.0,Male,Bookshelf,Home,5,210.07,1050.35
ORD100742,2024-11-04,CUST1251,38.0,Male,Desk Lamp,Home,2,332.54,665.08
ORD100837,2024-11-05,CUST1069,25.0,Female,Yoga Mat,Sports,2,152.45,304.9
ORD100219,2024-11-05,CUST1176,40.0,Male,Backpack,Clothing,1,21.46,21.46
ORD101029,2024-11-06,CUST1086,26.0,Male,Coffee Maker,Home,1,325.25,325.25
ORD100922,2024-11-07,CUST1060,42.0,Male,Jacket,Clothing,1,52.42,52.42
ORD100137,2024-11-07,CUST1077,39.0,Male,Jeans,Clothing,1,115.83,115.83
ORD100455,2024-11-09,CUST1204,54.0,Male,Laptop,Electronics,1,869.44,869.44
ORD101161,2024-11-10,CUST1092,30.0,Female,Hair Dryer,Beauty,1,139.96,139.96
ORD100176,2024-11-12,CUST1031,40.0,Female,Smartphone,Electronics,1,1040.94,1040.94
ORD100290,2024-11-13,CUST1210,24.0,Female,Jeans,Clothing,2,38.62,77.24
ORD100525,2024-11-13,CUST1297,27.0,Female,Shampoo,Beauty,2,102.7,205.4
ORD100067,2024-11-13,CUST1074,51.0,Female,Tablet,Electronics,1,561.82,561.82
ORD100375,2024-11-16,CUST1090,33.0,Male,Smartphone,Electronics,1,653.15,653.15
ORD101153,2024-11-17,CUST1103,56.0,Male,Sneakers,Clothing,4,21.9,87.6
ORD100651,2024-11-17,CUST1046,59.0,Male,Smartphone,Electronics,4,850.04,3400.16
ORD101136,2024-11-18,CUST1093,44.0,Female,Tablet,Electronics,2,57.99,115.98
ORD100072,2024-11-19,CUST1327,25.0,Male,Tablet,Electronics,1,93.5,93.5
ORD100063,2024-11-20,CUST1108,42.0,Male,Hair Dryer,Beauty,2,87.4,174.8
ORD100246,2024-11-20,CUST1047,56.0,Male,Cricket Bat,Sports,4,162.41,649.64
ORD101063,2024-11-20,CUST1191,64.0,Female,Hair Dryer,Beauty,3,77.49,232.47
ORD100132,2024-11-22,CUST1232,60.0,Female,Tablet,Electronics,1,1092.56,1092.56
ORD100394,2024-11-22,CUST1330,19.0,Female,Moisturizer,Beauty,4,110.69,442.76
ORD100401,2024-11-22,CUST1314,61.0,Male,Tablet,Electronics,1,709.37,709.37
ORD100270,2024-11-22,CUST1039,37.0,Female,Bookshelf,Home,1,135.58,135.58
ORD100127,2024-11-23,CUST1334,29.0,Male,Face Wash,Beauty,5,65.79,328.95
ORD101162,2024-11-24,CUST1190,45.0,Male,Smartphone,Electronics,3,479.9,1439.7
ORD100871,2024-11-24,CUST1225,59.0,Female,Desk Lamp,Home,5,275.85,1379.25
ORD100730,2024-11-25,CUST1026,41.0,Female,Laptop,Electronics,1,78.06,78.06
ORD100876,2024-11-25,CUST1048,65.0,Male,Headphones,Electronics,4,950.44,3801.76
ORD100010,2024-11-25,CUST1076,36.0,Female,Shampoo,Beauty,2,89.97,179.94
ORD100111,2024-11-26,CUST1211,20.0,Female,Vacuum Cleaner,Home,3,78.46,235.38
ORD101044,2024-11-28,CUST1084,30.0,Female,Jeans,Clothing,2,56.15,112.3
ORD100611,2024-11-29,CUST1246,36.0,Male,Smartphone,Electronics,3,307.09,921.27
ORD100208,2024-11-29,CUST1239,44.0,Female,Sneakers,Clothing,5,149.4,747.0
ORD100608,2024-11-29,CUST1163,18.0,Female,Coffee Maker,Home,2,280.69,561.38
ORD100442,2024-11-29,CUST1218,54.0,Male,Running Shoes,Sports,3,49.19,147.57
ORD100186,2024-11-30,CUST1039,48.0,Male,T-Shirt,Clothing,1,25.69,25.69
ORD100605,2024-12-01,CUST1141,59.0,Male,Smartphone,Electronics,1,665.02,665.02
ORD100978,2024-12-01,CUST1228,64.0,Female,Headphones,Electronics,1,1066.56,1066.56
ORD100910,2024-12-01,CUST1319,36.0,Male,Vacuum Cleaner,Home,5,282.88,1414.4
ORD100527,2024-12-02,CUST1123,60.0,Female,Vacuum Cleaner,Home,1,316.08,316.08
ORD100640,2024-12-02,CUST1299,33.0,Female,Desk Lamp,Home,1,216.18,216.18
ORD100571,2024-12-03,CUST1255,26.0,Female,Jeans,Clothing,2,59.49,118.98
ORD100552,2024-12-03,CUST1143,59.0,Female,Football,Sports,2,36.77,73.54
ORD100655,2024-12-04,CUST1187,20.0,Male,Coffee Maker,Home,2,166.23,332.46
ORD100849,2024-12-04,CUST1343,19.0,Male,Jacket,Clothing,1,95.26,95.26
ORD100227,2024-12-05,CUST1098,25.0,Male,Cricket Bat,Sports,2,79.49,158.98
ORD100412,2024-12-05,CUST1103,23.0,Female,Cricket Bat,Sports,3,217.38,652.14
ORD100534,2024-12-06,CUST1247,44.0,Male,T-Shirt,Clothing,2,130.6,261.2
ORD100260,2024-12-07,CUST1179,42.0,Male,Laptop,Electronics,3,1167.55,3502.65
ORD100800,2024-12-08,CUST1166,27.0,Male,Cricket Bat,Sports,1,66.36,66.36
ORD100821,2024-12-08,CUST1028,62.0,Male,Moisturizer,Beauty,2,62.99,125.98
ORD101195,2024-12-09,CUST1335,37.0,Female,Smartphone,Electronics,1,488.01,488.01
ORD100515,2024-12-09,CUST1049,61.0,Male,Tablet,Electronics,2,1119.74,2239.48
ORD100218,2024-12-12,CUST1123,25.0,Male,Moisturizer,Beauty,1,123.97,123.97
ORD100209,2024-12-14,CUST1133,50.0,Female,Smartphone,Electronics,1,846.06,846.06
ORD100789,2024-12-17,CUST1299,27.0,Male,T-Shirt,Clothing,1,71.49,71.49
ORD100199,2024-12-17,CUST1252,55.0,Female,Dumbbells,Sports,1,54.58,54.58
ORD100524,2024-12-17,CUST1243,51.0,Female,Hair Dryer,Beauty,1,14.11,14.11
ORD100917,2024-12-18,CUST1305,57.0,Male,Bookshelf,Home,2,232.01,464.02
ORD100886,2024-12-20,CUST1309,55.0,Female,Smartphone,Electronics,3,53.32,159.96
ORD100584,2024-12-20,CUST1069,32.0,Female,Desk Lamp,Home,4,219.33,877.32
ORD100662,2024-12-21,CUST1329,47.0,Male,Football,Sports,1,288.65,288.65
ORD100222,2024-12-22,CUST1087,37.0,Male,Jeans,Clothing,3,78.66,235.98
ORD100679,2024-12-22,CUST1167,63.0,Female,Football,Sports,1,269.97,269.97
ORD100915,2024-12-22,CUST1330,47.0,Female,T-Shirt,Clothing,1,129.64,129.64
ORD101071,2024-12-23,CUST1171,20.0,Female,Office Chair,Home,2,147.91,295.82
ORD100197,2024-12-26,CUST1089,56.0,Female,Shampoo,Beauty,3,93.01,279.03
ORD100071,2024-12-26,CUST1196,65.0,Male,Moisturizer,Beauty,1,45.39,45.39
ORD100882,2024-12-27,CUST1278,63.0,Male,Jacket,Clothing,2,178.36,356.72
ORD100323,2024-12-28,CUST1013,57.0,Male,T-Shirt,Clothing,1,87.94,87.94
ORD100710,2024-12-29,CUST1039,34.0,Female,Jacket,Clothing,3,48.23,144.69
ORD101054,2024-12-30,CUST1194,65.0,Female,Face Wash,Beauty,3,56.96,170.88
ORD100929,2024-12-30,CUST1270,40.0,Female,T-Shirt,Clothing,1,169.64,169.64
ORD100879,2024-12-31,CUST1332,61.0,Female,Laptop,Electronics,3,945.96,2837.88
ORD100018,2024-12-31,CUST1315,65.0,Female,Backpack,Clothing,1,63.54,63.54
ORD100517,2024-12-31,CUST1002,60.0,Female,Office Chair,Home,1,298.78,298.78
ORD101004,2025-01-01,CUST1122,54.0,Male,Moisturizer,Beauty,2,28.5,57.0
ORD100066,2025-01-01,CUST1146,41.0,Male,Sneakers,Clothing,1,117.97,117.97
ORD101015,2025-01-01,CUST1191,61.0,Male,Moisturizer,Beauty,2,37.82,75.64
ORD101145,2025-01-02,CUST1118,54.0,Male,Office Chair,Home,2,392.96,785.92
ORD100930,2025-01-02,CUST1079,64.0,Female,Coffee Maker,Home,2,17.57,35.14
ORD100985,2025-01-02,CUST1066,47.0,Female,Face Wash,Beauty,1,43.98,43.98
ORD100174,2025-01-02,CUST1067,54.0,Female,Laptop,Electronics,2,1146.68,2293.36
ORD100530,2025-01-02,CUST1144,41.0,Female,Dumbbells,Sports,1,211.09,211.09
ORD101024,2025-01-03,CUST1137,38.0,Male,Yoga Mat,Sports,4,283.62,1134.48
ORD100338,2025-01-03,CUST1117,65.0,Male,Face Wash,Beauty,3,77.78,233.34
ORD101147,2025-01-05,CUST1309,47.0,Female,Face Wash,Beauty,4,80.9,323.6
ORD101116,2025-01-06,CUST1229,33.0,Male,T-Shirt,Clothing,3,160.56,481.68
ORD100167,2025-01-06,CUST1218,48.0,Male,Desk Lamp,Home,2,296.0,592.0
ORD101148,2025-01-07,CUST1100,37.0,Male,Backpack,Clothing,1,178.17,178.17
ORD100669,2025-01-07,CUST1207,59.0,Male,Tablet,Electronics,2,680.31,1360.62
ORD101173,2025-01-07,CUST1250,32.0,Male,T-Shirt,Clothing,3,98.58,295.74
ORD100770,2025-01-09,CUST1063,53.0,Male,Moisturizer,Beauty,3,43.9,131.7
ORD100055,2025-01-09,CUST1088,59.0,Female,Backpack,Clothing,1,31.67,31.67
ORD100554,2025-01-10,CUST1170,,Female,Sneakers,Clothing,2,72.51,145.02
ORD100027,2025-01-10,CUST1082,19.0,Male,Laptop,Electronics,3,1045.01,3135.03
ORD100946,2025-01-11,CUST1231,25.0,Male,Headphones,Electronics,4,617.73,2470.92
ORD100687,2025-01-12,CUST1135,21.0,Female,Backpack,Clothing,3,91.86,275.58
ORD100772,2025-01-12,CUST1210,25.0,Male,Moisturizer,Beauty,2,25.8,51.6
ORD101104,2025-01-12,CUST1337,39.0,Male,Cricket Bat,Sports,5,294.42,1472.1
ORD100140,2025-01-13,CUST1308,50.0,Male,Yoga Mat,Sports,2,150.17,300.34
ORD100643,2025-01-14,CUST1305,18.0,Male,Smartwatch,Electronics,3,1106.49,3319.47
ORD101011,2025-01-14,CUST1232,28.0,Female,Smartphone,Electronics,1,724.67,724.67
ORD100785,2025-01-16,CUST1029,59.0,Female,Laptop,Electronics,3,640.41,1921.23
ORD101002,2025-01-16,CUST1302,38.0,Female,Jacket,Clothing,4,94.9,379.6
ORD100160,2025-01-17,CUST1040,19.0,Male,Shampoo,Beauty,2,12.21,24.42
ORD100113,2025-01-17,CUST1024,29.0,Male,Running Shoes,Sports,1,285.21,285.21
ORD100340,2025-01-18,CUST1320,56.0,Male,Smartwatch,Electronics,1,692.75,692.75
ORD100069,2025-01-18,CUST1122,39.0,Female,Laptop,Electronics,4,179.49,717.96
ORD101128,2025-01-18,CUST1332,58.0,Male,Office Chair,Home,1,219.66,219.66
ORD100220,2025-01-20,CUST1300,59.0,Male,Face Wash,Beauty,1,63.01,63.01
ORD101131,2025-01-21,CUST1199,27.0,Male,Hair Dryer,Beauty,1,65.45,65.45
ORD100694,2025-01-21,CUST1177,60.0,Female,Smartwatch,Electronics,2,761.57,1523.14
ORD100141,2025-01-21,CUST1348,46.0,Female,Cricket Bat,Sports,1,183.4,183.4
ORD100194,2025-01-21,CUST1130,42.0,Male,Jeans,Clothing,1,119.84,119.84
ORD100686,2025-01-21,CUST1279,62.0,Male,Backpack,Clothing,1,97.16,97.16
ORD101179,2025-01-22,CUST1290,41.0,Female,Hair Dryer,Beauty,1,109.28,109.28
ORD100163,2025-01-23,CUST1173,46.0,Female,T-Shirt,Clothing,4,86.6,346.4
ORD100244,2025-01-24,CUST1128,49.0,Male,Office Chair,Home,2,379.46,758.92
ORD100773,2025-01-24,CUST1012,43.0,Male,Headphones,Electronics,1,430.88,430.88
ORD100392,2025-01-25,CUST1129,28.0,Male,Coffee Maker,Home,3,55.2,165.6
ORD100425,2025-01-25,CUST1331,23.0,Female,Tablet,Electronics,4,79.06,316.24
ORD100217,2025-01-26,CUST1170,65.0,Female,Office Chair,Home,2,194.64,389.28
ORD100731,2025-01-26,CUST1140,19.0,Male,Laptop,Electronics,2,777.81,1555.62
ORD101076,2025-01-26,CUST1149,33.0,Male,Bookshelf,Home,1,259.34,259.34
ORD101069,2025-01-28,CUST1281,60.0,Male,Office Chair,Home,1,129.26,129.26
ORD100955,2025-01-30,CUST1101,58.0,Male,Coffee Maker,Home,3,183.78,551.34
ORD100873,2025-01-31,CUST1307,29.0,Male,T-Shirt,Clothing,1,44.92,44.92
ORD100719,2025-01-31,CUST1216,35.0,Female,Tablet,Electronics,1,1088.36,1088.36
ORD100363,2025-02-01,CUST1232,29.0,Male,Jacket,Clothing,3,47.53,142.59
ORD100623,2025-02-01,CUST1300,18.0,Male,Coffee Maker,Home,3,84.42,253.26
ORD100949,2025-02-02,CUST1189,19.0,Female,Cricket Bat,Sports,2,268.67,537.34
ORD101048,2025-02-05,CUST1306,27.0,Female,Headphones,Electronics,3,130.06,390.18
ORD100359,2025-02-05,CUST1084,24.0,Male,Cricket Bat,Sports,2,103.89,207.78
ORD100814,2025-02-05,CUST1087,22.0,Male,Cricket Bat,Sports,1,232.94,232.94
ORD101045,2025-02-06,CUST1271,30.0,Female,Football,Sports,2,81.06,162.12
ORD100553,2025-02-07,CUST1120,18.0,Male,Jacket,Clothing,1,75.04,75.04
ORD101075,2025-02-08,CUST1086,31.0,Female,Running Shoes,Sports,1,49.63,49.63
ORD100698,2025-02-08,CUST1269,36.0,Male,Jeans,Clothing,1,80.65,80.65
ORD100590,2025-02-11,CUST1126,24.0,Female,Smartwatch,Electronics,3,881.73,2645.19
ORD100912,2025-02-12,CUST1214,46.0,Male,Office Chair,Home,2,50.46,100.92
ORD100845,2025-02-13,CUST1115,28.0,Male,Tablet,Electronics,3,825.5,2476.5
ORD100423,2025-02-13,CUST1046,36.0,Male,Laptop,Electronics,2,676.82,1353.64
ORD100762,2025-02-13,CUST1133,23.0,Male,Bookshelf,Home,3,134.38,403.14
ORD100334,2025-02-14,CUST1174,33.0,Male,Laptop,Electronics,3,148.66,445.98
ORD100351,2025-02-16,CUST1093,42.0,Female,T-Shirt,Clothing,1,147.12,147.12
ORD100447,2025-02-16,CUST1075,58.0,Female,Yoga Mat,Sports,3,266.37,799.11
ORD101046,2025-02-17,CUST1244,45.0,Female,T-Shirt,Clothing,4,64.16,256.64
ORD100846,2025-02-17,CUST1220,37.0,Male,Coffee Maker,Home,1,255.64,255.64
ORD100177,2025-02-18,CUST1075,25.0,Female,Backpack,Clothing,1,10.36,10.36
ORD101033,2025-02-18,CUST1267,30.0,Female,Smartwatch,Electronics,1,681.92,681.92
ORD100885,2025-02-19,CUST1175,64.0,Female,Shampoo,Beauty,5,137.89,689.45
ORD100960,2025-02-23,CUST1202,52.0,Female,Hair Dryer,Beauty,2,107.52,215.04
ORD101051,2025-02-23,CUST1059,26.0,Female,Cricket Bat,Sports,1,163.66,163.66
ORD101021,2025-02-23,CUST1338,65.0,Female,Jeans,Clothing,1,29.02,29.02
ORD100894,2025-02-24,CUST1016,51.0,Male,Coffee Maker,Home,2,239.14,478.28
ORD100763,2025-02-25,CUST1323,54.0,Male,Headphones,Electronics,1,888.8,888.8
ORD100935,2025-02-25,CUST1057,33.0,Female,Tablet,Electronics,1,767.88,767.88
ORD100701,2025-02-25,CUST1279,24.0,Female,Backpack,Clothing,1,159.15,159.15
ORD100266,2025-02-25,CUST1011,27.0,Male,Moisturizer,Beauty,2,37.66,75.32
ORD101171,2025-02-26,CUST1323,57.0,Male,T-Shirt,Clothing,1,82.43,82.43
ORD100516,2025-02-27,CUST1101,46.0,Male,Smartwatch,Electronics,2,185.84,371.68
ORD101177,2025-02-27,CUST1263,21.0,Male,Hair Dryer,Beauty,1,10.08,10.08
ORD100971,2025-02-28,CUST1227,19.0,Female,T-Shirt,Clothing,4,70.33,281.32
ORD100353,2025-02-28,CUST1271,59.0,Male,Backpack,Clothing,2,179.34,358.68
ORD100256,2025-03-01,CUST1064,22.0,Male,Backpack,Clothing,2,108.64,217.28
ORD100305,2025-03-01,CUST1177,37.0,Male,Hair Dryer,Beauty,2,29.37,58.74
ORD101132,2025-03-01,CUST1162,56.0,Male,T-Shirt,Clothing,1,92.34,92.34
ORD100510,2025-03-02,CUST1336,52.0,Male,Perfume,Beauty,2,99.98,199.96
ORD101057,2025-03-03,CUST1139,49.0,Male,Hair Dryer,Beauty,1,9.88,9.88
ORD100514,2025-03-04,CUST1073,45.0,Male,Yoga Mat,Sports,3,127.5,382.5
ORD101178,2025-03-04,CUST1189,50.0,Female,Headphones,Electronics,1,280.4,280.4
ORD100973,2025-03-04,CUST1012,58.0,Female,Hair Dryer,Beauty,3,38.58,115.74
ORD100326,2025-03-06,CUST1235,38.0,Female,Hair Dryer,Beauty,2,86.0,172.0
ORD100341,2025-03-06,CUST1021,29.0,Female,T-Shirt,Clothing,1,85.01,85.01
ORD100162,2025-03-07,CUST1128,48.0,Male,Backpack,Clothing,2,17.63,35.26
ORD100570,2025-03-08,CUST1210,41.0,Male,Office Chair,Home,1,248.37,248.37
ORD100549,2025-03-08,CUST1185,55.0,Male,Jacket,Clothing,1,32.36,32.36
ORD100995,2025-03-08,CUST1301,39.0,Male,Office Chair,Home,1,346.03,346.03
ORD100974,2025-03-09,CUST1291,20.0,Female,Headphones,Electronics,2,732.63,1465.26
ORD100046,2025-03-09,CUST1235,44.0,Female,T-Shirt,Clothing,3,74.87,224.61
ORD100406,2025-03-09,CUST1082,30.0,Male,Cricket Bat,Sports,2,209.3,418.6
ORD100813,2025-03-10,CUST1294,18.0,Male,Headphones,Electronics,5,177.89,889.45
ORD100328,2025-03-10,CUST1322,36.0,Female,T-Shirt,Clothing,1,125.73,125.73
ORD100822,2025-03-11,CUST1017,60.0,Female,Headphones,Electronics,1,1091.62,1091.62
ORD100619,2025-03-11,CUST1110,29.0,Male,Face Wash,Beauty,1,96.17,96.17
ORD101141,2025-03-11,CUST1220,46.0,Male,Perfume,Beauty,2,33.8,67.6
ORD100752,2025-03-13,CUST1230,24.0,Female,Football,Sports,2,32.48,64.96
ORD100414,2025-03-13,CUST1212,24.0,Female,Jacket,Clothing,1,45.89,45.89
ORD100286,2025-03-14,CUST1043,50.0,Female,Smartwatch,Electronics,4,937.31,3749.24
ORD100108,2025-03-14,CUST1325,27.0,Female,Hair Dryer,Beauty,1,73.95,73.95
ORD100264,2025-03-14,CUST1064,48.0,Female,Sneakers,Clothing,1,33.08,33.08
ORD100297,2025-03-15,CUST1189,37.0,Female,Moisturizer,Beauty,3,80.06,240.18
ORD100367,2025-03-15,CUST1166,45.0,Male,Yoga Mat,Sports,3,23.71,71.13
ORD100736,2025-03-16,CUST1104,45.0,Female,Running Shoes,Sports,1,42.09,42.09
ORD100238,2025-03-17,CUST1148,32.0,Female,Headphones,Electronics,4,649.94,2599.76
ORD100492,2025-03-17,CUST1068,32.0,Male,Backpack,Clothing,1,179.91,179.91
ORD100599,2025-03-17,CUST1286,51.0,Male,Smartphone,Electronics,3,230.1,690.3
ORD100681,2025-03-18,CUST1169,26.0,Male,Hair Dryer,Beauty,1,136.0,136.0
ORD100787,2025-03-18,CUST1316,46.0,Female,Jeans,Clothing,3,116.83,350.49
ORD101072,2025-03-19,CUST1015,29.0,Female,Smartphone,Electronics,5,520.47,2602.35
ORD100502,2025-03-19,CUST1103,43.0,Female,Jacket,Clothing,1,156.02,156.02
ORD100229,2025-03-20,CUST1002,55.0,Male,Dumbbells,Sports,3,143.29,429.87
ORD101090,2025-03-20,CUST1241,24.0,Female,Headphones,Electronics,3,1050.9,3152.7
ORD100205,2025-03-21,CUST1289,39.0,Female,Jeans,Clothing,1,100.1,100.1
ORD101101,2025-03-21,CUST1237,41.0,Female,Smartwatch,Electronics,2,615.02,1230.04
ORD100169,2025-03-21,CUST1327,32.0,Male,Headphones,Electronics,2,818.29,1636.58
ORD100991,2025-03-21,CUST1055,48.0,Male,Moisturizer,Beauty,2,121.56,243.12
ORD100771,2025-03-21,CUST1029,32.0,Male,Headphones,Electronics,5,354.87,1774.35
ORD100735,2025-03-22,CUST1151,26.0,Male,Office Chair,Home,1,192.1,192.1
ORD100173,2025-03-22,CUST1162,29.0,Male,Jacket,Clothing,2,132.13,264.26
ORD100504,2025-03-22,CUST1039,44.0,Male,Shampoo,Beauty,2,86.39,172.78
ORD100249,2025-03-23,CUST1038,49.0,Female,Yoga Mat,Sports,1,124.97,124.97
ORD100575,2025-03-25,CUST1313,19.0,Male,Football,Sports,1,217.39,217.39
ORD101018,2025-03-27,CUST1187,64.0,Female,Jacket,Clothing,3,11.95,35.85
ORD100397,2025-03-27,CUST1125,30.0,Male,Football,Sports,4,21.98,87.92
ORD101068,2025-03-28,CUST1295,49.0,Female,Headphones,Electronics,5,955.74,4778.7
ORD100803,2025-03-30,CUST1282,51.0,Female,Backpack,Clothing,1,30.75,30.75
ORD100636,2025-04-01,CUST1313,30.0,Female,Vacuum Cleaner,Home,1,260.07,260.07
ORD100875,2025-04-03,CUST1013,25.0,Female,Smartwatch,Electronics,1,1179.18,1179.18
ORD100348,2025-04-03,CUST1302,38.0,Male,Smartphone,Electronics,2,554.41,1108.82
ORD100621,2025-04-03,CUST1058,37.0,Female,Tablet,Electronics,2,922.59,1845.18
ORD100749,2025-04-04,CUST1186,39.0,Female,Yoga Mat,Sports,3,170.81,512.43
ORD101016,2025-04-05,CUST1347,57.0,Male,Yoga Mat,Sports,1,95.1,95.1
ORD100902,2025-04-05,CUST1303,23.0,Male,Tablet,Electronics,1,677.54,677.54
ORD100424,2025-04-05,CUST1311,21.0,Male,Backpack,Clothing,1,47.28,47.28
ORD100291,2025-04-08,CUST1126,40.0,Female,Laptop,Electronics,1,326.41,326.41
ORD100148,2025-04-08,CUST1069,43.0,Female,T-Shirt,Clothing,3,88.68,266.04
ORD100597,2025-04-08,CUST1185,57.0,Male,Backpack,Clothing,1,99.64,99.64
ORD101019,2025-04-08,CUST1288,47.0,Female,Dumbbells,Sports,1,131.5,131.5
ORD101172,2025-04-10,CUST1223,62.0,Female,Cricket Bat,Sports,2,171.19,342.38
ORD100083,2025-04-11,CUST1271,51.0,Male,Desk Lamp,Home,1,142.21,142.21
ORD100065,2025-04-11,CUST1298,63.0,Male,Desk Lamp,Home,1,220.08,220.08
ORD100079,2025-04-11,CUST1045,54.0,Female,Coffee Maker,Home,1,245.54,245.54
ORD101052,2025-04-12,CUST1090,50.0,Female,T-Shirt,Clothing,1,145.06,145.06
ORD101030,2025-04-13,CUST1053,21.0,Male,Shampoo,Beauty,2,9.13,18.26
ORD100744,2025-04-13,CUST1079,64.0,Male,Backpack,Clothing,1,88.76,88.76
ORD100317,2025-04-14,CUST1123,58.0,Male,Desk Lamp,Home,3,288.69,866.07
ORD100364,2025-04-15,CUST1093,52.0,Male,Backpack,Clothing,1,134.79,134.79
ORD100293,2025-04-16,CUST1265,24.0,Male,Hair Dryer,Beauty,3,58.58,175.74
ORD101000,2025-04-16,CUST1182,26.0,Male,Vacuum Cleaner,Home,1,260.61,260.61
ORD100703,2025-04-16,CUST1018,22.0,Male,Desk Lamp,Home,2,25.59,51.18
ORD101012,2025-04-18,CUST1256,25.0,Female,Running Shoes,Sports,3,131.18,393.54
ORD100324,2025-04-18,CUST1208,57.0,Male,Office Chair,Home,4,29.62,118.48
ORD100373,2025-04-21,CUST1091,56.0,Male,Headphones,Electronics,2,426.75,853.5
ORD100748,2025-04-21,CUST1051,58.0,Female,Sneakers,Clothing,2,76.61,153.22
ORD100801,2025-04-21,CUST1031,40.0,Male,Perfume,Beauty,1,21.95,21.95
ORD100213,2025-04-21,CUST1243,29.0,Male,Jeans,Clothing,1,77.89,77.89
ORD100756,2025-04-22,CUST1247,44.0,Male,Face Wash,Beauty,3,36.91,110.73
ORD101020,2025-04-22,CUST1116,61.0,Male,Tablet,Electronics,2,1111.87,2223.74
ORD101089,2025-04-23,CUST1243,32.0,Female,Dumbbells,Sports,5,229.85,1149.25
ORD100672,2025-04-24,CUST1215,47.0,Male,Cricket Bat,Sports,1,245.3,245.3
ORD100572,2025-04-24,CUST1020,48.0,Male,Hair Dryer,Beauty,2,37.41,74.82
ORD100115,2025-04-26,CUST1152,42.0,Male,Jeans,Clothing,2,144.1,288.2
ORD100925,2025-04-26,CUST1227,43.0,Male,Coffee Maker,Home,4,60.07,240.28
ORD100371,2025-04-26,CUST1073,59.0,Male,Smartphone,Electronics,5,787.59,3937.95
ORD100243,2025-04-26,CUST1314,29.0,Male,Yoga Mat,Sports,4,232.14,928.56
ORD101096,2025-04-28,CUST1214,61.0,Female,Tablet,Electronics,1,674.15,674.15
ORD100157,2025-04-28,CUST1013,41.0,Female,Sneakers,Clothing,3,100.37,301.11
ORD100023,2025-04-29,CUST1027,57.0,Male,Vacuum Cleaner,Home,3,396.82,1190.46
ORD100409,2025-04-29,CUST1204,58.0,Female,Dumbbells,Sports,1,84.04,84.04
ORD100232,2025-04-29,CUST1315,53.0,Male,T-Shirt,Clothing,3,26.81,80.43
ORD100861,2025-04-29,CUST1020,51.0,Male,Shampoo,Beauty,1,35.18,35.18
ORD101117,2025-04-30,CUST1280,65.0,Male,Headphones,Electronics,2,297.4,594.8
ORD100602,2025-05-01,CUST1068,24.0,Male,Office Chair,Home,1,379.75,379.75
ORD100901,2025-05-01,CUST1216,21.0,Female,Tablet,Electronics,1,771.61,771.61
ORD100039,2025-05-01,CUST1082,64.0,Male,Sneakers,Clothing,2,120.63,241.26
ORD100253,2025-05-02,CUST1154,52.0,Male,Yoga Mat,Sports,2,256.43,512.86
ORD100198,2025-05-02,CUST1335,24.0,Male,Dumbbells,Sports,2,158.11,316.22
ORD100379,2025-05-06,CUST1328,24.0,Male,Shampoo,Beauty,1,149.24,149.24
ORD100075,2025-05-06,CUST1252,52.0,Female,Moisturizer,Beauty,4,125.08,500.32
ORD100049,2025-05-07,CUST1159,50.0,Male,Jeans,Clothing,5,146.4,732.0
ORD100489,2025-05-08,CUST1109,36.0,Male,Yoga Mat,Sports,2,91.66,183.32
ORD100321,2025-05-08,CUST1259,54.0,Female,T-Shirt,Clothing,3,111.85,335.55
ORD100897,2025-05-10,CUST1039,26.0,Male,Bookshelf,Home,2,43.51,87.02
ORD100016,2025-05-10,CUST1010,35.0,Male,Smartwatch,Electronics,3,897.58,2692.74
ORD100541,2025-05-10,CUST1337,58.0,Male,Football,Sports,3,221.58,664.74
ORD101149,2025-05-11,CUST1261,54.0,Female,Cricket Bat,Sports,3,80.99,242.97
ORD100491,2025-05-12,CUST1164,19.0,Male,Sneakers,Clothing,1,117.84,117.84
ORD100185,2025-05-12,CUST1199,62.0,Female,Desk Lamp,Home,1,270.13,270.13
ORD100352,2025-05-13,CUST1265,24.0,Female,Dumbbells,Sports,2,150.8,301.6
ORD100309,2025-05-13,CUST1230,44.0,Male,Shampoo,Beauty,3,112.31,336.93
ORD100092,2025-05-14,CUST1067,46.0,Male,Perfume,Beauty,2,120.06,240.12
ORD100415,2025-05-15,CUST1065,56.0,Female,Sneakers,Clothing,3,156.78,470.34
ORD100183,2025-05-16,CUST1020,30.0,Female,Cricket Bat,Sports,1,204.61,204.61
ORD100212,2025-05-16,CUST1293,,Female,Jacket,Clothing,1,24.35,24.35
ORD100239,2025-05-17,CUST1280,26.0,Female,Jeans,Clothing,3,96.99,290.97
ORD100707,2025-05-17,CUST1282,56.0,Male,Office Chair,Home,2,383.18,766.36
ORD101026,2025-05-17,CUST1320,21.0,Male,Jacket,Clothing,1,132.5,132.5
ORD101156,2025-05-18,CUST1282,40.0,Male,Perfume,Beauty,1,108.34,108.34
ORD100318,2025-05-20,CUST1144,64.0,Female,Laptop,Electronics,1,1092.05,1092.05
ORD101060,2025-05-21,CUST1050,41.0,Female,T-Shirt,Clothing,1,79.89,79.89
ORD100032,2025-05-22,CUST1327,50.0,Male,Smartwatch,Electronics,1,513.64,513.64
ORD100024,2025-05-23,CUST1220,61.0,Female,Coffee Maker,Home,2,42.98,85.96
ORD101152,2025-05-23,CUST1328,58.0,Male,Moisturizer,Beauty,2,71.39,142.78
ORD100658,2025-05-23,CUST1030,31.0,Male,Office Chair,Home,3,134.35,403.05
ORD100966,2025-05-24,CUST1253,29.0,Male,Coffee Maker,Home,3,26.36,79.08
ORD100503,2025-05-26,CUST1047,30.0,Male,Desk Lamp,Home,3,86.62,259.86
ORD100652,2025-05-26,CUST1044,45.0,Female,Jeans,Clothing,2,77.19,154.38
ORD100982,2025-05-27,CUST1134,57.0,Male,Hair Dryer,Beauty,1,119.72,119.72
ORD100272,2025-05-27,CUST1102,40.0,Male,Shampoo,Beauty,2,77.27,154.54
ORD100622,2025-05-28,CUST1106,35.0,Male,Headphones,Electronics,2,674.36,1348.72
ORD100454,2025-05-29,CUST1259,53.0,Male,Running Shoes,Sports,3,238.16,714.48
ORD100718,2025-05-30,CUST1106,37.0,Male,Cricket Bat,Sports,1,137.58,137.58
ORD101121,2025-05-31,CUST1203,39.0,Male,Football,Sports,1,213.72,213.72
ORD100874,2025-05-31,CUST1261,18.0,Male,Desk Lamp,Home,4,161.85,647.4
ORD100465,2025-06-01,CUST1117,23.0,Male,Yoga Mat,Sports,4,52.03,208.12
ORD100103,2025-06-01,CUST1088,18.0,Female,Office Chair,Home,4,382.99,1531.96
ORD100081,2025-06-02,CUST1179,45.0,Female,Yoga Mat,Sports,3,265.01,795.03
ORD100144,2025-06-02,CUST1107,24.0,Female,Desk Lamp,Home,2,34.06,68.12
ORD100739,2025-06-03,CUST1213,27.0,Male,Office Chair,Home,5,294.8,1474.0
ORD100019,2025-06-04,CUST1096,19.0,Female,Bookshelf,Home,2,16.47,32.94
ORD100962,2025-06-04,CUST1341,64.0,Female,Jacket,Clothing,5,121.18,605.9
ORD100918,2025-06-04,CUST1146,28.0,Male,Dumbbells,Sports,3,143.45,430.35
ORD100325,2025-06-04,CUST1311,29.0,Male,Dumbbells,Sports,3,227.57,682.71
ORD100715,2025-06-05,CUST1046,19.0,Male,Desk Lamp,Home,1,140.64,140.64
ORD100743,2025-06-05,CUST1009,26.0,Female,Moisturizer,Beauty,1,81.22,81.22
ORD100100,2025-06-05,CUST1004,27.0,Male,Smartphone,Electronics,1,77.87,77.87
ORD100954,2025-06-05,CUST1120,54.0,Male,Cricket Bat,Sports,1,161.13,161.13
ORD101070,2025-06-05,CUST1021,25.0,Male,Office Chair,Home,5,223.43,1117.15
ORD100683,2025-06-06,CUST1229,36.0,Female,Headphones,Electronics,2,1188.5,2377.0
ORD100919,2025-06-07,CUST1263,24.0,Female,Hair Dryer,Beauty,1,103.43,103.43
ORD100665,2025-06-07,CUST1281,59.0,Female,Headphones,Electronics,1,739.55,739.55
ORD100830,2025-06-08,CUST1302,49.0,Male,Jeans,Clothing,4,105.03,420.12
ORD100008,2025-06-08,CUST1283,65.0,Male,Running Shoes,Sports,5,189.93,949.65
ORD100751,2025-06-09,CUST1291,40.0,Male,Tablet,Electronics,3,724.9,2174.7
ORD100706,2025-06-09,CUST1286,54.0,Female,Cricket Bat,Sports,2,80.18,160.36
ORD100484,2025-06-10,CUST1128,45.0,Female,Jeans,Clothing,1,41.08,41.08
ORD100250,2025-06-11,CUST1226,23.0,Male,Yoga Mat,Sports,4,240.64,962.56
ORD101040,2025-06-11,CUST1029,45.0,Male,Bookshelf,Home,2,326.59,653.18
ORD100378,2025-06-11,CUST1220,51.0,Female,Smartwatch,Electronics,1,272.76,272.76
ORD100696,2025-06-12,CUST1133,26.0,Male,Backpack,Clothing,2,75.67,151.34
ORD101194,2025-06-12,CUST1119,54.0,Female,Backpack,Clothing,2,131.17,262.34
ORD100546,2025-06-12,CUST1146,25.0,Female,Office Chair,Home,1,190.14,190.14
ORD101170,2025-06-12,CUST1197,30.0,Female,Coffee Maker,Home,2,238.69,477.38
ORD100841,2025-06-13,CUST1161,23.0,Female,Smartphone,Electronics,5,1144.86,5724.3
ORD100808,2025-06-13,CUST1281,56.0,Male,Running Shoes,Sports,4,29.79,119.16
ORD100269,2025-06-13,CUST1021,23.0,Female,Office Chair,Home,1,167.24,167.24
ORD101123,2025-06-13,CUST1246,55.0,Male,Dumbbells,Sports,3,147.54,442.62
ORD100563,2025-06-14,CUST1208,28.0,Male,Laptop,Electronics,1,698.99,698.99
ORD100333,2025-06-15,CUST1318,23.0,Male,Laptop,Electronics,4,634.97,2539.88
ORD101111,2025-06-16,CUST1344,51.0,Male,Face Wash,Beauty,1,118.26,118.26
ORD100347,2025-06-17,CUST1058,53.0,Male,Sneakers,Clothing,2,87.52,175.04
ORD100391,2025-06-18,CUST1073,21.0,Male,Cricket Bat,Sports,4,214.51,858.04
ORD100689,2025-06-18,CUST1012,58.0,Female,Perfume,Beauty,2,20.88,41.76
ORD100422,2025-06-18,CUST1259,19.0,Male,Shampoo,Beauty,1,127.6,127.6
ORD100339,2025-06-19,CUST1199,60.0,Male,Backpack,Clothing,2,98.82,197.64
ORD100594,2025-06-20,CUST1204,58.0,Male,Office Chair,Home,1,136.33,136.33
ORD100507,2025-06-20,CUST1090,20.0,Female,Football,Sports,4,120.78,483.12
ORD100614,2025-06-21,CUST1064,37.0,Female,Smartphone,Electronics,1,390.22,390.22
ORD100383,2025-06-21,CUST1135,30.0,Male,Backpack,Clothing,1,68.1,68.1
ORD100564,2025-06-21,CUST1075,53.0,Female,Smartwatch,Electronics,1,809.09,809.09
ORD100112,2025-06-21,CUST1277,28.0,Female,Smartphone,Electronics,2,237.88,475.76
ORD101017,2025-06-22,CUST1025,55.0,Male,Smartwatch,Electronics,1,867.03,867.03
ORD100082,2025-06-25,CUST1044,57.0,Female,Backpack,Clothing,2,159.13,318.26
ORD100818,2025-06-25,CUST1283,48.0,Male,Vacuum Cleaner,Home,1,135.11,135.11
ORD100356,2025-06-26,CUST1285,47.0,Female,T-Shirt,Clothing,4,118.83,475.32
ORD100795,2025-06-27,CUST1243,38.0,Female,Smartphone,Electronics,4,861.85,3447.4
ORD100281,2025-06-27,CUST1099,56.0,Male,Yoga Mat,Sports,2,40.14,80.28
ORD100872,2025-06-27,CUST1001,33.0,Male,Coffee Maker,Home,2,42.76,85.52
ORD100937,2025-06-28,CUST1093,45.0,Female,Smartwatch,Electronics,1,1126.07,1126.07
ORD100101,2025-06-29,CUST1138,23.0,Female,Smartphone,Electronics,4,1047.52,4190.08
ORD100448,2025-06-29,CUST1103,31.0,Female,Shampoo,Beauty,3,124.98,374.94
ORD101061,2025-06-29,CUST1118,47.0,Male,Yoga Mat,Sports,1,220.75,220.75
ORD100204,2025-06-29,CUST1052,54.0,Male,Football,Sports,1,226.18,226.18
ORD100840,2025-06-29,CUST1216,22.0,Male,Backpack,Clothing,2,131.45,262.9
ORD100713,2025-06-29,CUST1241,25.0,Male,Jacket,Clothing,2,105.77,211.54
ORD100076,2025-06-30,CUST1119,63.0,Male,Hair Dryer,Beauty,2,18.54,37.08
ORD100444,2025-06-30,CUST1068,18.0,Female,Bookshelf,Home,4,292.45,1169.8
ORD100704,2025-06-30,CUST1242,33.0,Female,Smartwatch,Electronics,2,1014.19,2028.38
ORD100429,2025-07-01,CUST1024,24.0,Female,Vacuum Cleaner,Home,2,87.32,174.64
ORD100102,2025-07-01,CUST1231,30.0,Male,Jacket,Clothing,1,21.0,21.0
ORD101176,2025-07-01,CUST1323,63.0,Male,Jeans,Clothing,1,138.95,138.95
ORD100030,2025-07-02,CUST1254,19.0,Male,Smartwatch,Electronics,1,119.47,119.47
ORD100215,2025-07-03,CUST1138,63.0,Male,Hair Dryer,Beauty,2,122.74,245.48
ORD101175,2025-07-04,CUST1240,61.0,Female,Jeans,Clothing,1,125.17,125.17
ORD101135,2025-07-05,CUST1116,44.0,Male,Jacket,Clothing,1,120.12,120.12
ORD100482,2025-07-06,CUST1065,37.0,Female,Jacket,Clothing,3,53.22,159.66
ORD100152,2025-07-06,CUST1013,51.0,Male,Headphones,Electronics,1,91.49,91.49
ORD101159,2025-07-07,CUST1007,33.0,Male,Football,Sports,2,27.92,55.84
ORD100354,2025-07-07,CUST1094,34.0,Male,Headphones,Electronics,2,108.99,217.98
ORD100094,2025-07-07,CUST1093,50.0,Female,T-Shirt,Clothing,4,122.0,488.0
ORD100540,2025-07-07,CUST1171,39.0,Male,Tablet,Electronics,1,349.34,349.34
ORD101103,2025-07-08,CUST1258,19.0,Female,Running Shoes,Sports,1,140.14,140.14
ORD100657,2025-07-09,CUST1255,59.0,Male,Bookshelf,Home,1,312.64,312.64
ORD100767,2025-07-09,CUST1129,46.0,Male,Moisturizer,Beauty,4,94.57,378.28
ORD100769,2025-07-09,CUST1092,53.0,Male,Desk Lamp,Home,3,329.94,989.82
ORD100629,2025-07-09,CUST1286,22.0,Female,Smartwatch,Electronics,1,822.24,822.24
ORD100544,2025-07-10,CUST1137,32.0,Female,T-Shirt,Clothing,4,77.6,310.4
ORD100648,2025-07-11,CUST1085,54.0,Female,Sneakers,Clothing,1,151.0,151.0
ORD100555,2025-07-12,CUST1157,53.0,Male,Football,Sports,1,66.8,66.8
ORD100196,2025-07-12,CUST1340,64.0,Female,Vacuum Cleaner,Home,3,356.9,1070.7
ORD100673,2025-07-13,CUST1040,56.0,Male,Tablet,Electronics,2,246.35,492.7
ORD101006,2025-07-13,CUST1315,28.0,Male,Jacket,Clothing,2,81.3,162.6
ORD100164,2025-07-13,CUST1035,45.0,Male,Sneakers,Clothing,1,168.0,168.0
ORD100999,2025-07-14,CUST1121,31.0,Female,Cricket Bat,Sports,2,264.01,528.02
ORD100626,2025-07-14,CUST1312,41.0,Female,Bookshelf,Home,1,347.63,347.63
ORD100990,2025-07-14,CUST1103,25.0,Female,Shampoo,Beauty,1,37.28,37.28
ORD100593,2025-07-14,CUST1114,35.0,Female,Tablet,Electronics,3,1022.75,3068.25
ORD100191,2025-07-15,CUST1238,30.0,Male,Smartwatch,Electronics,3,412.45,1237.35
ORD100778,2025-07-16,CUST1173,21.0,Female,Shampoo,Beauty,3,85.03,255.09
ORD100677,2025-07-18,CUST1083,39.0,Male,Tablet,Electronics,2,325.14,650.28
ORD100124,2025-07-19,CUST1296,18.0,Male,Headphones,Electronics,3,588.56,1765.68
ORD100437,2025-07-20,CUST1271,45.0,Female,Tablet,Electronics,1,577.28,577.28
ORD100431,2025-07-20,CUST1024,42.0,Female,Smartwatch,Electronics,1,1045.64,1045.64
ORD100582,2025-07-20,CUST1098,20.0,Female,Dumbbells,Sports,2,297.21,594.42
ORD100224,2025-07-21,CUST1016,34.0,Male,Coffee Maker,Home,1,223.88,223.88
ORD100939,2025-07-21,CUST1158,52.0,Male,Laptop,Electronics,2,1130.0,2260.0
ORD100369,2025-07-21,CUST1014,40.0,Male,Headphones,Electronics,5,651.58,3257.9
ORD100370,2025-07-22,CUST1225,36.0,Male,Tablet,Electronics,2,773.75,1547.5
ORD100931,2025-07-23,CUST1289,30.0,Male,Smartwatch,Electronics,3,935.87,2807.61
ORD100037,2025-07-25,CUST1179,54.0,Female,Bookshelf,Home,4,37.75,151.0
ORD100462,2025-07-26,CUST1002,22.0,Male,Jacket,Clothing,2,24.06,48.12
ORD100963,2025-07-26,CUST1011,28.0,Female,Smartwatch,Electronics,1,989.31,989.31
ORD101088,2025-07-27,CUST1146,62.0,Male,Smartphone,Electronics,3,521.09,1563.27
ORD100345,2025-07-27,CUST1276,63.0,Male,Bookshelf,Home,1,294.4,294.4
ORD100485,2025-07-27,CUST1307,25.0,Female,T-Shirt,Clothing,1,57.33,57.33
ORD101167,2025-07-27,CUST1007,18.0,Male,Perfume,Beauty,1,21.54,21.54
ORD100156,2025-07-28,CUST1268,42.0,Female,Smartwatch,Electronics,4,989.12,3956.48
ORD101166,2025-07-28,CUST1112,53.0,Male,Perfume,Beauty,2,97.74,195.48
ORD101094,2025-07-28,CUST1226,55.0,Male,Jeans,Clothing,2,44.62,89.24
ORD100618,2025-07-28,CUST1333,21.0,Female,Vacuum Cleaner,Home,2,385.49,770.98
ORD100802,2025-07-29,CUST1232,58.0,Male,Smartphone,Electronics,2,972.08,1944.16
ORD100890,2025-07-30,CUST1161,37.0,Female,Smartphone,Electronics,4,675.43,2701.72
ORD100635,2025-07-31,CUST1026,41.0,Female,Tablet,Electronics,1,166.32,166.32
ORD100446,2025-08-01,CUST1325,35.0,Female,Cricket Bat,Sports,4,60.21,240.84
ORD101059,2025-08-02,CUST1274,34.0,Female,Jeans,Clothing,2,88.06,176.12
ORD100688,2025-08-03,CUST1026,26.0,Female,Desk Lamp,Home,2,259.65,519.3
ORD100188,2025-08-04,CUST1045,65.0,Male,T-Shirt,Clothing,5,103.43,517.15
ORD100316,2025-08-04,CUST1271,23.0,Female,T-Shirt,Clothing,3,154.93,464.79
ORD100056,2025-08-04,CUST1217,51.0,Male,Football,Sports,2,216.69,433.38
ORD100289,2025-08-04,CUST1051,51.0,,Coffee Maker,Home,3,219.92,659.76
ORD100453,2025-08-05,CUST1039,46.0,Female,Bookshelf,Home,1,87.78,87.78
ORD100468,2025-08-05,CUST1028,54.0,Female,Cricket Bat,Sports,4,177.97,711.88
ORD100089,2025-08-06,CUST1342,64.0,Male,Cricket Bat,Sports,2,96.31,192.62
ORD100817,2025-08-06,CUST1321,45.0,Male,Jeans,Clothing,1,103.38,103.38
ORD100792,2025-08-08,CUST1192,35.0,Female,T-Shirt,Clothing,2,32.09,64.18
ORD100944,2025-08-08,CUST1238,49.0,Female,Perfume,Beauty,4,38.48,153.92
ORD100386,2025-08-08,CUST1283,56.0,Male,Moisturizer,Beauty,2,8.8,17.6
ORD100538,2025-08-08,CUST1032,18.0,Female,Tablet,Electronics,1,423.08,423.08
ORD100061,2025-08-09,CUST1106,32.0,Female,Bookshelf,Home,4,392.99,1571.96
ORD101028,2025-08-10,CUST1182,30.0,Female,Face Wash,Beauty,1,71.36,71.36
ORD100577,2025-08-10,CUST1092,32.0,Female,Headphones,Electronics,2,739.82,1479.64
ORD100979,2025-08-10,CUST1273,31.0,Male,Jeans,Clothing,2,75.16,150.32
ORD100856,2025-08-10,CUST1021,26.0,Male,Headphones,Electronics,3,327.11,981.33
ORD100860,2025-08-11,CUST1349,27.0,Male,Smartwatch,Electronics,2,493.19,986.38
ORD100630,2025-08-12,CUST1071,28.0,Female,Desk Lamp,Home,1,67.74,67.74
ORD100932,2025-08-12,CUST1153,42.0,Female,Moisturizer,Beauty,1,96.78,96.78
ORD100399,2025-08-12,CUST1006,34.0,Female,Perfume,Beauty,3,85.98,257.94
ORD100193,2025-08-13,CUST1166,60.0,Male,Cricket Bat,Sports,5,132.61,663.05
ORD100091,2025-08-14,CUST1051,33.0,Female,Headphones,Electronics,2,350.62,701.24
ORD100245,2025-08-15,CUST1007,42.0,Female,Smartwatch,Electronics,5,434.13,2170.65
ORD100060,2025-08-16,CUST1140,24.0,Male,Coffee Maker,Home,5,338.19,1690.95
ORD100458,2025-08-16,CUST1026,39.0,Female,Backpack,Clothing,1,109.16,109.16
ORD100859,2025-08-16,CUST1341,29.0,Female,T-Shirt,Clothing,5,13.37,66.85
ORD100951,2025-08-17,CUST1019,49.0,Male,T-Shirt,Clothing,2,147.22,294.44
ORD100093,2025-08-17,CUST1332,26.0,Male,Face Wash,Beauty,2,89.42,178.84
ORD100645,2025-08-18,CUST1204,52.0,Female,Smartphone,Electronics,2,288.19,576.38
ORD100812,2025-08-18,CUST1346,30.0,Male,Face Wash,Beauty,2,30.34,60.68
ORD100242,2025-08-19,CUST1350,65.0,Female,Cricket Bat,Sports,2,27.76,55.52
ORD100228,2025-08-19,CUST1156,55.0,Male,Desk Lamp,Home,2,162.93,325.86
ORD100292,2025-08-21,CUST1069,63.0,Male,Smartphone,Electronics,3,1012.72,3038.16
ORD100439,2025-08-21,CUST1267,50.0,Male,Face Wash,Beauty,1,51.05,51.05
ORD101150,2025-08-21,CUST1305,20.0,Male,Dumbbells,Sports,1,283.63,283.63
ORD100223,2025-08-23,CUST1225,33.0,Female,Laptop,Electronics,4,130.03,520.12
ORD100500,2025-08-23,CUST1100,50.0,Male,Cricket Bat,Sports,2,234.67,469.34
ORD100831,2025-08-23,CUST1214,52.0,Female,Smartwatch,Electronics,2,621.26,1242.52
ORD100914,2025-08-24,CUST1169,33.0,Female,Vacuum Cleaner,Home,2,262.03,524.06
ORD100121,2025-08-24,CUST1291,31.0,Female,Perfume,Beauty,1,145.85,145.85
ORD101078,2025-08-26,CUST1306,50.0,Female,Jeans,Clothing,1,30.13,30.13
ORD101126,2025-08-27,CUST1274,35.0,Female,Jacket,Clothing,4,31.66,126.64
ORD100007,2025-08-27,CUST1214,50.0,Male,Headphones,Electronics,2,261.86,523.72
ORD100402,2025-08-30,CUST1326,36.0,Female,Yoga Mat,Sports,1,213.86,213.86
ORD100519,2025-08-31,CUST1176,57.0,Female,Running Shoes,Sports,1,29.88,29.88
ORD100268,2025-08-31,CUST1203,45.0,Male,Shampoo,Beauty,5,66.81,334.05
ORD100438,2025-08-31,CUST1249,28.0,Male,Moisturizer,Beauty,2,41.32,82.64
ORD101100,2025-08-31,CUST1012,42.0,Female,Coffee Maker,Home,1,283.2,283.2
ORD100449,2025-08-31,CUST1297,48.0,Male,Office Chair,Home,2,292.86,585.72
ORD100632,2025-09-01,CUST1055,48.0,Female,Yoga Mat,Sports,1,165.26,165.26
ORD100355,2025-09-01,CUST1154,46.0,Male,Laptop,Electronics,1,43.67,43.67
ORD100959,2025-09-01,CUST1330,21.0,Female,Smartphone,Electronics,1,817.98,817.98
ORD101008,2025-09-01,CUST1106,52.0,Male,Moisturizer,Beauty,3,119.48,358.44
ORD101197,2025-09-02,CUST1027,29.0,Female,Cricket Bat,Sports,1,67.83,67.83
ORD100344,2025-09-02,CUST1248,24.0,Male,Desk Lamp,Home,1,154.47,154.47
ORD100022,2025-09-02,CUST1146,60.0,Female,Smartphone,Electronics,3,800.13,2400.39
ORD100170,2025-09-02,CUST1117,50.0,Male,Backpack,Clothing,1,53.89,53.89
ORD100385,2025-09-03,CUST1164,19.0,Male,Face Wash,Beauty,4,17.8,71.2
ORD100259,2025-09-03,CUST1125,25.0,Male,T-Shirt,Clothing,1,38.45,38.45
ORD101168,2025-09-03,CUST1230,35.0,Male,Backpack,Clothing,2,27.63,55.26
ORD100653,2025-09-03,CUST1278,46.0,Female,T-Shirt,Clothing,3,171.99,515.97
ORD100080,2025-09-03,CUST1314,44.0,Male,Smartwatch,Electronics,2,114.81,229.62
ORD100927,2025-09-06,CUST1151,58.0,Male,Vacuum Cleaner,Home,1,250.72,250.72
ORD100038,2025-09-06,CUST1035,50.0,Female,Headphones,Electronics,3,1082.66,3247.98
ORD100852,2025-09-07,CUST1027,21.0,Male,Hair Dryer,Beauty,2,140.81,281.62
ORD100909,2025-09-07,CUST1292,34.0,Female,Desk Lamp,Home,2,180.69,361.38
ORD100143,2025-09-07,CUST1022,29.0,Male,Sneakers,Clothing,2,155.2,310.4
ORD100251,2025-09-08,CUST1053,61.0,Male,Vacuum Cleaner,Home,1,244.46,244.46
ORD100013,2025-09-08,CUST1213,20.0,Male,Moisturizer,Beauty,3,127.81,383.43
ORD100460,2025-09-08,CUST1176,19.0,Female,Smartphone,Electronics,1,434.83,434.83
ORD100314,2025-09-09,CUST1261,28.0,Female,Running Shoes,Sports,4,223.28,893.12
ORD100928,2025-09-09,CUST1245,53.0,Female,Sneakers,Clothing,2,46.22,92.44
ORD100702,2025-09-09,CUST1235,33.0,Male,Smartwatch,Electronics,1,1170.27,1170.27
ORD100678,2025-09-10,CUST1170,51.0,Female,Desk Lamp,Home,1,170.06,170.06
ORD100624,2025-09-11,CUST1330,47.0,Male,T-Shirt,Clothing,1,87.96,87.96
ORD100892,2025-09-11,CUST1216,35.0,Male,Yoga Mat,Sports,1,173.32,173.32
ORD100557,2025-09-11,CUST1349,55.0,Female,Tablet,Electronics,1,425.24,425.24
ORD101105,2025-09-11,CUST1135,37.0,Male,Running Shoes,Sports,4,161.0,644.0
ORD100430,2025-09-12,CUST1035,26.0,Male,Smartphone,Electronics,4,874.96,3499.84
ORD100133,2025-09-12,CUST1241,40.0,Male,Headphones,Electronics,3,317.07,951.21
ORD100009,2025-09-12,CUST1211,27.0,Female,Jeans,Clothing,2,84.04,168.08
ORD100815,2025-09-13,CUST1149,33.0,Male,Running Shoes,Sports,1,206.25,206.25
ORD100006,2025-09-14,CUST1188,31.0,Male,Headphones,Electronics,2,898.02,1796.04
ORD100236,2025-09-16,CUST1231,29.0,Male,Perfume,Beauty,2,11.89,23.78
ORD100295,2025-09-16,CUST1188,20.0,Male,Headphones,Electronics,3,862.46,2587.38
ORD100476,2025-09-18,CUST1310,34.0,Male,Running Shoes,Sports,4,27.05,108.2
ORD100980,2025-09-19,CUST1288,51.0,Female,Sneakers,Clothing,1,93.9,93.9
ORD100180,2025-09-19,CUST1066,31.0,Male,Tablet,Electronics,1,87.05,87.05
ORD100587,2025-09-21,CUST1234,27.0,Female,Headphones,Electronics,2,691.1,1382.2
ORD100440,2025-09-22,CUST1193,18.0,Male,Tablet,Electronics,4,376.37,1505.48
ORD100705,2025-09-22,CUST1117,18.0,Male,Smartwatch,Electronics,1,912.06,912.06
ORD101122,2025-09-23,CUST1214,20.0,,Dumbbells,Sports,1,229.5,229.5
ORD100968,2025-09-24,CUST1080,34.0,Male,Coffee Maker,Home,2,21.09,42.18
ORD100053,2025-09-25,CUST1311,34.0,Male,Yoga Mat,Sports,3,22.74,68.22
ORD100234,2025-09-25,CUST1092,48.0,Female,Jacket,Clothing,3,12.09,36.27
ORD100716,2025-09-25,CUST1050,47.0,Female,Cricket Bat,Sports,1,254.3,254.3
ORD100904,2025-09-26,CUST1137,21.0,Male,Sneakers,Clothing,2,34.47,68.94
ORD100741,2025-09-27,CUST1183,59.0,Female,Jeans,Clothing,2,69.94,139.88
ORD101027,2025-09-27,CUST1328,28.0,Male,Running Shoes,Sports,2,250.55,501.1
ORD100732,2025-09-28,CUST1099,65.0,Male,Face Wash,Beauty,2,59.74,119.48
ORD100883,2025-09-30,CUST1205,22.0,Female,Tablet,Electronics,3,417.29,1251.87
ORD100494,2025-09-30,CUST1180,27.0,Female,Headphones,Electronics,2,618.34,1236.68
ORD101138,2025-09-30,CUST1284,22.0,Male,Jeans,Clothing,3,45.35,136.05
ORD100863,2025-09-30,CUST1317,27.0,Male,T-Shirt,Clothing,1,168.95,168.95
ORD101200,2025-10-02,CUST1191,28.0,Female,Smartwatch,Electronics,1,1047.62,1047.62
ORD100727,2025-10-03,CUST1150,42.0,Male,Smartwatch,Electronics,1,336.16,336.16
ORD100580,2025-10-04,CUST1008,48.0,Female,Office Chair,Home,1,273.58,273.58
ORD100680,2025-10-08,CUST1188,18.0,Female,Cricket Bat,Sports,5,15.13,75.65
ORD100526,2025-10-10,CUST1211,27.0,Male,Sneakers,Clothing,3,149.96,449.88
ORD100740,2025-10-12,CUST1233,18.0,Male,Desk Lamp,Home,1,312.95,312.95
ORD100709,2025-10-13,CUST1205,54.0,Male,Office Chair,Home,2,276.63,553.26
ORD100737,2025-10-13,CUST1089,52.0,Female,Vacuum Cleaner,Home,3,333.3,999.9
ORD100410,2025-10-13,CUST1150,28.0,Male,Smartphone,Electronics,2,594.78,1189.56
ORD100028,2025-10-14,CUST1072,26.0,Male,Jacket,Clothing,3,46.64,139.92
ORD101099,2025-10-14,CUST1100,48.0,Male,Moisturizer,Beauty,3,142.21,426.63
ORD100881,2025-10-16,CUST1261,27.0,Male,Laptop,Electronics,4,737.28,2949.12
ORD100947,2025-10-16,CUST1018,58.0,Female,Headphones,Electronics,1,901.68,901.68
ORD100774,2025-10-18,CUST1333,53.0,Male,Coffee Maker,Home,3,399.82,1199.46
ORD100520,2025-10-18,CUST1238,38.0,Female,Tablet,Electronics,2,831.34,1662.68
ORD100717,2025-10-18,CUST1166,64.0,Female,Shampoo,Beauty,5,28.42,142.1
ORD100965,2025-10-19,CUST1218,55.0,Female,Desk Lamp,Home,2,365.94,731.88
ORD100307,2025-10-19,CUST1189,62.0,Female,Backpack,Clothing,2,45.24,90.48
ORD100005,2025-10-19,CUST1271,64.0,Female,Laptop,Electronics,1,1090.22,1090.22
ORD100403,2025-10-20,CUST1053,24.0,Male,Jacket,Clothing,2,11.04,22.08
ORD100248,2025-10-21,CUST1187,32.0,Female,Cricket Bat,Sports,1,16.91,16.91
ORD100535,2025-10-22,CUST1012,62.0,Female,Perfume,Beauty,1,142.74,142.74
ORD100753,2025-10-22,CUST1131,40.0,Female,Sneakers,Clothing,2,71.57,143.14
ORD100634,2025-10-22,CUST1003,33.0,Female,Backpack,Clothing,1,122.05,122.05
ORD100181,2025-10-24,CUST1070,44.0,Male,Vacuum Cleaner,Home,2,350.57,701.14
ORD100452,2025-10-24,CUST1315,63.0,Female,T-Shirt,Clothing,3,27.47,82.41
ORD100903,2025-10-24,CUST1172,31.0,Male,Smartphone,Electronics,1,840.14,840.14
ORD100895,2025-10-24,CUST1332,43.0,Male,Sneakers,Clothing,3,44.75,134.25
ORD101188,2025-10-25,CUST1234,28.0,Female,Laptop,Electronics,3,938.19,2814.57
ORD100051,2025-10-26,CUST1304,49.0,Female,Dumbbells,Sports,4,20.13,80.52
ORD100609,2025-10-27,CUST1311,51.0,Male,Jeans,Clothing,1,168.2,168.2
ORD100583,2025-10-27,CUST1236,28.0,Male,Jacket,Clothing,2,50.66,101.32
ORD100486,2025-10-28,CUST1022,41.0,Female,Football,Sports,2,51.94,103.88
ORD100858,2025-10-29,CUST1180,40.0,Female,Jacket,Clothing,3,41.78,125.34
ORD101039,2025-10-29,CUST1165,56.0,Male,Smartphone,Electronics,4,290.63,1162.52
ORD100041,2025-10-30,CUST1158,61.0,Male,Smartphone,Electronics,2,40.22,80.44
ORD100134,2025-10-30,CUST1337,21.0,Male,Coffee Maker,Home,1,195.81,195.81
ORD101181,2025-10-31,CUST1009,58.0,Male,Football,Sports,1,203.81,203.81
ORD100471,2025-10-31,CUST1188,56.0,Male,Smartphone,Electronics,1,529.97,529.97
ORD100911,2025-11-01,CUST1325,23.0,Female,Jacket,Clothing,1,87.86,87.86
ORD101098,2025-11-03,CUST1067,46.0,Male,Tablet,Electronics,1,65.68,65.68
ORD100263,2025-11-04,CUST1003,39.0,Male,Tablet,Electronics,4,657.02,2628.08
ORD100656,2025-11-04,CUST1114,27.0,Female,Smartphone,Electronics,1,1030.9,1030.9
ORD100948,2025-11-08,CUST1073,65.0,Female,Yoga Mat,Sports,2,108.21,216.42
ORD101092,2025-11-08,CUST1043,59.0,Male,Backpack,Clothing,2,80.02,160.04
ORD100757,2025-11-09,CUST1192,58.0,Male,Backpack,Clothing,2,11.72,23.44
ORD100382,2025-11-10,CUST1042,46.0,Male,Backpack,Clothing,1,17.51,17.51
ORD100451,2025-11-11,CUST1215,34.0,Male,Shampoo,Beauty,2,65.15,130.3
ORD100478,2025-11-12,CUST1217,63.0,Male,Backpack,Clothing,1,168.13,168.13
ORD100977,2025-11-12,CUST1178,37.0,Male,Jeans,Clothing,1,66.62,66.62
ORD100279,2025-11-13,CUST1123,37.0,Male,Hair Dryer,Beauty,1,149.27,149.27
ORD100945,2025-11-13,CUST1289,51.0,Female,Tablet,Electronics,2,811.39,1622.78
ORD100819,2025-11-14,CUST1198,,Male,Tablet,Electronics,3,599.7,1799.1
ORD101142,2025-11-14,CUST1280,32.0,Female,Coffee Maker,Home,1,301.09,301.09
ORD100987,2025-11-16,CUST1092,36.0,Female,Jeans,Clothing,3,59.55,178.65
ORD100109,2025-11-16,CUST1219,26.0,Female,Laptop,Electronics,2,199.53,399.06
ORD100568,2025-11-16,CUST1320,35.0,Male,Bookshelf,Home,2,225.58,451.16
ORD100168,2025-11-17,CUST1011,57.0,Female,Headphones,Electronics,1,1063.42,1063.42
ORD100809,2025-11-17,CUST1304,27.0,Male,T-Shirt,Clothing,2,34.17,68.34
ORD100122,2025-11-18,CUST1056,56.0,Female,Football,Sports,2,89.86,179.72
ORD101010,2025-11-19,CUST1273,63.0,Male,Jacket,Clothing,3,44.19,132.57
ORD100155,2025-11-20,CUST1181,53.0,Male,Football,Sports,2,96.1,192.2
ORD101074,2025-11-21,CUST1048,33.0,Male,Laptop,Electronics,2,1062.73,2125.46
ORD100088,2025-11-21,CUST1214,50.0,Female,T-Shirt,Clothing,1,152.49,152.49
ORD100330,2025-11-21,CUST1166,35.0,Female,Tablet,Electronics,2,79.98,159.96
ORD100393,2025-11-23,CUST1087,,Male,Desk Lamp,Home,2,168.65,337.3
ORD100878,2025-11-23,CUST1291,32.0,Male,Jeans,Clothing,3,29.75,89.25
ORD100690,2025-11-23,CUST1072,39.0,Male,Smartwatch,Electronics,5,77.84,389.2
ORD100573,2025-11-23,CUST1058,58.0,Male,Desk Lamp,Home,3,73.65,220.95
ORD100299,2025-11-24,CUST1114,61.0,Female,Backpack,Clothing,1,49.96,49.96
ORD100336,2025-11-24,CUST1264,65.0,Male,Laptop,Electronics,1,610.64,610.64
ORD100920,2025-11-24,CUST1004,43.0,Male,Smartphone,Electronics,1,716.93,716.93
ORD101118,2025-11-24,CUST1290,62.0,Female,Running Shoes,Sports,2,218.67,437.34
ORD100536,2025-11-25,CUST1337,54.0,Female,Running Shoes,Sports,1,23.96,23.96
ORD100329,2025-11-26,CUST1155,20.0,Female,Desk Lamp,Home,2,194.71,389.42
ORD100579,2025-11-26,CUST1293,60.0,Female,T-Shirt,Clothing,1,20.15,20.15
ORD101087,2025-11-27,CUST1149,50.0,Female,Sneakers,Clothing,1,177.66,177.66
ORD100343,2025-11-27,CUST1341,27.0,Female,Tablet,Electronics,1,1105.73,1105.73
ORD100257,2025-11-27,CUST1349,35.0,Male,Cricket Bat,Sports,2,174.51,349.02
ORD101014,2025-11-27,CUST1109,44.0,Male,Smartwatch,Electronics,1,72.84,72.84
ORD100853,2025-11-28,CUST1227,53.0,Male,Smartwatch,Electronics,1,1026.79,1026.79
ORD101034,2025-11-28,CUST1287,65.0,Male,Smartphone,Electronics,1,335.66,335.66
ORD100058,2025-11-28,CUST1135,40.0,Female,Smartphone,Electronics,1,998.21,998.21
ORD100159,2025-11-29,CUST1057,34.0,Male,Smartphone,Electronics,1,706.74,706.74
ORD100390,2025-11-29,CUST1025,56.0,Male,Moisturizer,Beauty,1,133.59,133.59
ORD100647,2025-11-29,CUST1146,46.0,Male,Sneakers,Clothing,2,12.41,24.82
ORD100288,2025-11-30,CUST1191,61.0,Female,Sneakers,Clothing,4,91.24,364.96
ORD100200,2025-12-01,CUST1349,49.0,Female,Shampoo,Beauty,2,24.43,48.86
ORD100766,2025-12-01,CUST1094,58.0,Female,Backpack,Clothing,1,139.04,139.04
ORD100195,2025-12-02,CUST1214,52.0,Female,Desk Lamp,Home,1,263.88,263.88
ORD100096,2025-12-03,CUST1145,30.0,Female,T-Shirt,Clothing,4,47.44,189.76
ORD101158,2025-12-03,CUST1226,38.0,Male,Football,Sports,1,120.3,120.3
ORD100432,2025-12-04,CUST1028,50.0,Male,Face Wash,Beauty,1,72.46,72.46
ORD100214,2025-12-04,CUST1320,65.0,Female,Smartwatch,Electronics,1,1095.76,1095.76
ORD100387,2025-12-04,CUST1058,32.0,Female,Bookshelf,Home,1,375.78,375.78
ORD101062,2025-12-06,CUST1202,30.0,Male,Yoga Mat,Sports,1,124.67,124.67
ORD100057,2025-12-07,CUST1001,26.0,Male,Headphones,Electronics,2,1168.42,2336.84
ORD101022,2025-12-07,CUST1037,65.0,Male,Desk Lamp,Home,4,213.82,855.28
ORD100138,2025-12-08,CUST1180,46.0,Male,Shampoo,Beauty,1,74.7,74.7
ORD100310,2025-12-08,CUST1255,53.0,Male,Office Chair,Home,1,130.69,130.69
ORD101031,2025-12-08,CUST1348,29.0,Female,Headphones,Electronics,2,1112.49,2224.98
ORD100255,2025-12-09,CUST1147,55.0,Male,Smartwatch,Electronics,4,1016.4,4065.6
ORD101180,2025-12-09,CUST1058,53.0,Male,Jacket,Clothing,3,75.73,227.19
ORD101124,2025-12-10,CUST1024,31.0,Male,Moisturizer,Beauty,3,132.13,396.39
ORD100374,2025-12-10,CUST1216,41.0,Female,Jeans,Clothing,1,134.62,134.62
ORD100889,2025-12-10,CUST1246,37.0,Female,Laptop,Electronics,2,159.62,319.24
ORD100781,2025-12-12,CUST1099,29.0,Male,Jeans,Clothing,1,80.46,80.46
ORD100585,2025-12-12,CUST1045,62.0,Female,Jacket,Clothing,3,120.66,361.98
ORD100254,2025-12-13,CUST1048,51.0,Female,Coffee Maker,Home,2,219.47,438.94
ORD101196,2025-12-15,CUST1336,,Female,Dumbbells,Sports,4,182.72,730.88
ORD100505,2025-12-15,CUST1285,31.0,Female,Backpack,Clothing,1,80.69,80.69
ORD100533,2025-12-15,CUST1270,40.0,Male,Running Shoes,Sports,1,253.91,253.91
ORD100479,2025-12-16,CUST1080,33.0,Male,Yoga Mat,Sports,1,255.61,255.61
ORD100184,2025-12-18,CUST1226,38.0,Female,Cricket Bat,Sports,3,243.1,729.3
ORD100441,2025-12-20,CUST1335,30.0,Male,Smartwatch,Electronics,3,693.42,2080.26
ORD100481,2025-12-20,CUST1083,33.0,Female,Sneakers,Clothing,3,33.65,100.95
ORD100838,2025-12-20,CUST1099,38.0,Male,Vacuum Cleaner,Home,1,60.62,60.62
ORD100488,2025-12-21,CUST1107,42.0,Male,Office Chair,Home,2,378.43,756.86
ORD100090,2025-12-22,CUST1074,63.0,Male,T-Shirt,Clothing,2,82.96,165.92
ORD101192,2025-12-23,CUST1281,61.0,Female,Jacket,Clothing,1,62.17,62.17
ORD100542,2025-12-24,CUST1069,41.0,Male,Backpack,Clothing,1,159.2,159.2
ORD100617,2025-12-24,CUST1130,41.0,Male,Laptop,Electronics,1,1140.92,1140.92
ORD101082,2025-12-25,CUST1260,35.0,Female,Smartphone,Electronics,3,322.73,968.19
ORD100130,2025-12-26,CUST1262,48.0,Female,Jeans,Clothing,3,16.76,50.28
ORD100064,2025-12-26,CUST1178,20.0,Male,Vacuum Cleaner,Home,1,256.87,256.87
ORD100261,2025-12-26,CUST1039,49.0,Male,Jacket,Clothing,1,48.84,48.84
ORD100521,2025-12-28,CUST1059,40.0,Male,Backpack,Clothing,1,89.59,89.59
ORD100631,2025-12-28,CUST1255,41.0,Female,Moisturizer,Beauty,1,149.29,149.29
ORD101009,2025-12-28,CUST1224,64.0,Male,Headphones,Electronics,3,734.66,2203.98
ORD101184,2025-12-28,CUST1210,37.0,Female,Running Shoes,Sports,2,60.22,120.44
ORD100565,2025-12-29,CUST1270,48.0,Male,Vacuum Cleaner,Home,1,226.13,226.13
ORD100984,2025-12-30,CUST1153,35.0,Male,Tablet,Electronics,1,635.79,635.79
ORD100628,2025-12-30,CUST1162,53.0,Male,Shampoo,Beauty,2,135.47,270.94
ORD100147,2025-12-31,CUST1216,65.0,Male,Backpack,Clothing,1,58.43,58.43
